,Site Name,full address,NPI
0,FLUSHING HOSP MED CTR/PROF FEES,"1 BROOKDALE PLZ KATZ PAV 4-C30, BROOKLYN, NY 11212",1730213877
1,FLUSHING HOSP MED CTR/PROF FEES,"1 BROOKDALE PLZ RM 185, BROOKLYN, NY 11212",1730213877
2,FLUSHING HOSPITAL MEDICAL CENTER,"1 BROOKDALE PLZ RM LL91, BROOKLYN, NY 11212",1548217763
3,KINGSBROOK MEDICAL ASSOCIATES,"1 BROOKDALE PLZ, BROOKLYN, NY 11212",1104112838
4,MONTEFIORE NEW ROCHELLE HOSPITAL,"1 FORDHAM PLZ, BRONX, NY 10458",1720414154
5,MOUNT SINAI ELMHURST FCLTY PRAC G,"1 GUSTAVE L LEVY PL 3000, NEW YORK, NY 10029",1255375986
6,MOUNT SINAI HOSPITAL,"1 GUSTAVE L LEVY PL, NEW YORK, NY 10029",1013948595
7,PARK SLOPE EMERGENCY PHYS SVC,"1 PROSPECT PARK W, BROOKLYN, NY 11215",1043251390
8,FOREST URGENT CARE CENTER,"10 11 49TH AVE, LONG ISLAND CIT, NY 11101",1447455589
9,SUNY DOWNSTATE MED CENTER,"100 AMITY ST, BROOKLYN, NY 11201",1205868528
10,LENOX HILL HOSPITAL,"100 E 77TH ST, NEW YORK, NY 10075",1316147176
11,KINGS COUNTY HOSPITAL-PROF FEE,"100 N PORTLAND AVE, BROOKLYN, NY 11205",1043224355
12,TAKE CARE MED HLTH NY PC,"100 W 57TH ST, NEW YORK, NY 10019",1083814974
13,MOUNT SINAI WEST,"1000 10TH AVE, NEW YORK, NY 10019",1104982917
14,PROHEALTH URG CARE O F FORT HAMILTON,"10031 4TH AVE, BROOKLYN, NY 11209",1285975797
15,PROHEALTH URGENT CARE MEDICINE PLLC,"10033 4TH AVE, BROOKLYN, NY 11209",1285975797
16,HEALTH 4 U MEDICAL PLLC,"1009 BRIGHTON BEACH AVE, BROOKLYN, NY 11235",1548506884
17,ESSEN MEDICAL URGICARE PLLC,"1009 E 163RD ST # A, BRONX, NY 10459",1841607298
18,METRO URGICARE,"1009 E 163RD ST Ste A, BRONX, NY 10459",1841607298
19,ESSEN MEDICAL URGICARE PLLC DBA METRO URGICARE,"1009 E 163RD ST Suite A, BRONX, NY 10459",1841607298
20,ESSEN MEDICAL URGICARE  PLLC D/B/A METRO URGICARE,"1009 E 163RD ST, BRONX, NY 10459",1841607298
21,FOREST URGENT CARE CENTER,"1011 49TH AVE, LONG ISLAND CIT, NY 11101",1447455589
22,NSUH FOREST HILLS EMERG MED,"102 01 66TH RD, FOREST HILLS, NY 11375",1639381122
23,NORTH SHORE - LIJ URGENT CARE,"102 29 QUEENS BLVD, FOREST HILLS, NY 11375",9999999999
24,HUNTINGTON HOSPITAL/PROF FEES,"10201 66TH RD, FOREST HILLS, NY 11375",1225003221
25,CITY MED OF UPPER E SIDE,"10202 LIBERTY AVE, OZONE PARK, NY 11417",1558980748
26,NORTH SHORE-LIJ URGENT CARE,"10229 QUEENS BLVD, FOREST HILLS, NY 11375",1033536297
27,210 MJD MED PLLC DBA SILVER STAR UC,"10234 ATLANTIC AVE, OZONE PARK, NY 11416",1750712220
28,FLUSHING HOSPITAL MEDICAL CENTER,"10323 114TH ST, SOUTH RICHMOND, NY 11419",1548217763
29,MMC EMERGENCY PHYSICIANS FPP,"1037 47TH ST, BROOKLYN, NY 11219",1982708202
30,MMC EMERGENCY PHYSICIANS FPP,"1039 46TH ST FL 2, BROOKLYN, NY 11219",1982708202
31,AVAHA MEDICAL & REHABILITATION LLC,"1041 E 83RD ST, BROOKLYN, NY 11236",1184878274
32,CITY MED OF UPPER E SIDE,"1047 SOUTHERN BLVD, BRONX, NY 10459",1477197796
33,SPECIALTY INFUSION,"1047 SURF AVE, BROOKLYN, NY 11224",1932619608
34,"BLEULER PSYCHOTHERAPY CENTER, INC.","10470 QUEENS BLVD, FOREST HILLS, NY 11375",1801949706
35,MORRIS PARK URGENT CARE,"1049 MORRIS PARK AVE, BRONX, NY 10461",1285975797
36,RAPID ACCESS CARE @ ACP,"1050 CLOVE RD, STATEN ISLAND, NY 10301",1063954113
37,MONTEFIORE MEDICAL CENTER,"1055 E TREMONT AVE, BRONX, NY 10460",1952476988
38,NYU LANGONE MEDHATTAN,"106 LIBERTY ST, NEW YORK, NY 10006",1306837398
39,EASTCHESTER URGENT CARE,"10706 LIBERTY AVE, OZONE PARK, NY 11417",1558799395
40,MONTAGUE URGENT MEDICAL CARE P.C,"109 MONTAGUE ST, BROOKLYN, NY 11201",1083082069
41,BHMC PHYSICIANS,"1095 FLATBUSH AVE, BROOKLYN, NY 11226",1720028772
42,UNION SQUARE URGENT MEDICAL CARE PC,"110 W 14TH ST 1ST FLOOR, NEW YORK, NY 10011",1457614265
43,UNION SQUARE URGENT MEDICAL CARE,"110 W 14TH ST, NEW YORK, NY 10011",1457614265
44,ICAHN SCHOOL OF MEDICINE AT MOUNT SINAI DBA FPA UR,"110 YORK ST 2nd Floor, BROOKLYN, NY 11201",1124392238
45,FPA URGENT CARE CENTER,"110 YORK ST FL 2, BROOKLYN, NY 11201",1124392238
46,FPA URGENT CARE CTR,"110 YORK ST, BROOKLYN, NY 11201",1124392238
47,NYU EMERGENCY MEDICINE ASSOCIATES,"111 BROADWAY 2, NEW YORK, NY 10006",1285826438
48,NYU LANGONE URGENT CARE AT TRINITY,"111 BROADWAY Fl 2, NEW YORK, NY 10006",1629443122
49,NYU LANGONE MEDHATTAN URGENT CARE,"111 BROADWAY, NEW YORK, NY 10006",1629443122
50,KINGS COUNTY HOSPITAL-PROF FEE,"111 CANAL ST, STATEN ISLAND, NY 10304",1043224355
51,MONTEFIORE MEDICAL CENTER,"111 E 210TH ST, BRONX, NY 10467",1952476988
52,KINGSBROOK MEDICAL ASSOCIATES,"1110 EASTERN PKWY, BROOKLYN, NY 11213",1104112838
53,ASJS MEDICAL PLLC,"1110 PENNSYLVANIA AVE ST5, BROOKLYN, NY 11207",1326229022
54,ASJS MEDICAL  PLLC,"1110 PENNSYLVANIA AVE STE 5, BROOKLYN, NY 11207",1326229022
55,ASJS MEDICAL,"1110 PENNSYLVANIA AVE Ste 5, BROOKLYN, NY 11207",1326229022
56,1110 PENNSYLVANIA AVENUE MEDICAL PLLC,"1110 PENNSYLVANIA AVE Suite 5, BROOKLYN, NY 11207",1730638115
57,ASJS MEDICAL PLLC,"1110 PENNSYLVANIA AVE, BROOKLYN, NY 11207",1326229022
58,MS ST. LUKE'S AND ROOSEVELT,"1111 AMSTERDAM AVE, NEW YORK, NY 10025",1104982917
59,LONG ISLAND MEDICAL ARTS,"11112 LIBERTY AVE, SOUTH RICHMOND, NY 11419",1124499157
60,JAMAICA HOSPITAL/ER DEPT,"11120 MERRICK BLVD, JAMAICA, NY 11433",1477505220
61,FOREST URGENT CARE CENTER,"11201 75TH AVE APT 1, FOREST HILLS, NY 11375",1447455589
62,FOREST URGENT CARE,"11201 75TH AVE, FOREST HILLS, NY 11375",1447455589
63,CITY MED OF UPPER E SIDE,"1143 LEXINGTON AVE, NEW YORK, NY 10075",1508400813
64,181ST STREET MEDICAL,"1148 E TREMONT AVE, BRONX, NY 10460",1922345768
65,"CITY MEDICAL OF UPPER EAST SIDE, PLLC DBA CITYMD U","1150 3RD AVE City Medical of Midt, NEW YORK, NY 10065",1467796771
66,CITY MEDICAL OF UPPER EAST SIDE,"1150 3RD AVE, NEW YORK, NY 10065",1255742342
67,MOUNT SINAI ELMHURST FCLTY PRAC G,"1150 PARK AVE, NEW YORK, NY 10128",1255375986
68,BAY VIEW URGENT CARE CENTER,"11506 BEACH CHANNEL DR # 101, ROCKAWAY PARK, NY 11694",1851663926
69,BAYVIEW URGENT CARE,"11506 BEACH CHANNEL DR STE 101, ROCKAWAY PARK, NY 11694",1851663926
70,PENINSULA MEDICAL CARE,"11506 BEACH CHANNEL DR Ste 101, ROCKAWAY PARK, NY 11694",1851663926
71,PENINSULA MEDICAL CARE PLLC,"11506 BEACH CHANNEL DR Suite 101, ROCKAWAY PARK, NY 11694",1851663926
72,PENINSULA MEDICAL CARE PLLC DBA BAY VIEW URGENT CA,"11506 BEACH CHANNEL DR, ROCKAWAY PARK, NY 11694",1851663926
73,ALLMED URGENT CARE,"11520 LIBERTY AVE, SOUTH RICHMOND, NY 11419",1366835332
74,HP MEDICAL CARE,"116-20 QUUENS BLVD, FOREST HILLS, NY 11375",1356731202
75,HP MEDICAL CARE,"11620 QUEENS BLVD STE B, FOREST HILLS, NY 11375",1356731202
76,MYDOC URGENT CARE,"11620 QUEENS BLVD Ste B, FOREST HILLS, NY 11375",1356731202
77,"HP MEDICAL CARE, PC","11620 QUEENS BLVD Suite B, FOREST HILLS, NY 11375",1356731202
78,"HP MEDICAL CARE, P.C.","11620 QUEENS BLVD, FOREST HILLS, NY 11375",1356731202
79,"PROHEALTH URGENT CARE MEDICINE, PLLC","1167 WANTAGH AVE, COLLEGE POINT, NY 11356",1285975797
80,MODERN MD URGENT CARE,"1169 LIBERTY AVE, BROOKLYN, NY 11208",1932590601
81,MOUNT SINAI ELMHURST FCLTY PRAC G,"1176 5TH AVE E LEVEL, NEW YORK, NY 10029",1255375986
82,MOUNT SINAI ELMHURST FCLTY PRAC G,"1176 5TH AVE FL 3, NEW YORK, NY 10029",1255375986
83,SUNY DOWNSTATE MED CENTER,"118 SAINT NICHOLAS AVE, BROOKLYN, NY 11237",1205868528
84,MOUNT SINAI ELMHURST FCLTY PRAC G,"1184 5TH AVE KP-7, NEW YORK, NY 10029",1255375986
85,MOUNT SINAI ELMHURST FCLTY PRAC G,"1184 5TH AVE, NEW YORK, NY 10029",1255375986
86,SUNY DOWNSTATE MED CENTER,"121 DEKALB AVE # ER, BROOKLYN, NY 11201",1205868528
87,BROOKLYN HOSPITAL CENTER,"121 DEKALB AVE, BROOKLYN, NY 11201",1326046467
88,AFC URGENT CARE,"1210 WEBSTER AVE, BRONX, NY 10456",1487177572
89,KINGS COUNTY HOSPITAL-PROF FEE,"1218 PROSPECT PL, BROOKLYN, NY 11213",1043224355
90,KINGS COUNTY HOSPITAL-PROF FEE,"1225 GERARD AVE, BRONX, NY 10452",1043224355
91,KINGSBROOK MEDICAL ASSOCIATES,"1235 LINDEN BLVD, BROOKLYN, NY 11212",1104112838
92,CITY MED OF UPPER E SIDE,"1243 FULTON ST, BROOKLYN, NY 11216",1417517012
93,MODERN MD URGENT CARE,"1248 FULTON ST, BROOKLYN, NY 11216",1932590601
94,URGENT CARE OF RICHMOND HILL,"125 07 LIBERY AVE, SOUTH RICHMOND, NY 11419",1386957546
95,METRO URGENT MEDICAL CARE OF QUEENS,"125 147TH AVE BLDG 125, JAMAICA, NY 11430",1417349507
96,METRO URGENT MEDICAL CARE OF QUEENS,"125 150TH AVE Ste 4, JAMAICA, NY 11430",1417349507
97,TAKE CARE MED HLTH NY PC,"125 E 86TH ST, NEW YORK, NY 10028",1083814974
98,NORTHWELL HEALTH GOHEALTH URGENT CARE,"125 GREAVES LN, STATEN ISLAND, NY 10308",1033536297
99,URGENT CARE OF RICHMOND HILL,"12507 LIBERTY AVE, SOUTH RICHMOND, NY 11419",1386957546
100,URGENT CARE OF RICHMOND HILL,"12507 LIBERY AVE, SOUTH RICHMOND, NY 11419",1386957546
101,UNION MEDICAL CARE PLLC,"1268 E 14TH ST, BROOKLYN, NY 11230",1184066698
102,210 MJD PRECISION URGENT CARE,"1268 WHITE PLAINS RD, BRONX, NY 10472",1750712220
103,PM PEDIATRICS OF MAMARONECK,"1273 CONEY ISLAND AVE, BROOKLYN, NY 11230",1073645180
104,MEMORIAL HOSPITAL FOR CANCER AND ALLIED DISEASES,"1275 YORK AVE, NEW YORK, NY 10065",1700887411
105,BRONX-LEBANON HOSPITAL CENTER - FULTON DIVISION,"1276 FULTON AVE Floor 5,6,, BRONX, NY 10456",1083796213
106,BRONXCARE HEALTH SYSTEM,"1276 FULTON AVE, BRONX, NY 10456",1326115692
107,SUNY DOWNSTATE MED CENTER,"1280 DEKALB AVE, BROOKLYN, NY 11221",1205868528
108,TRUSTEES COLUMBIA - ER,"1283 YORK AVE, NEW YORK, NY 10065",1699289488
109,"NORTH SHORE - LIJ URGENT CARE, PC","130 E 77TH ST Black Hall, NEW YORK, NY 10075",1679970891
110,GEORGE SAFRAN MD,"130 E 77TH ST, NEW YORK, NY 10075",1487983516
111,BROOKLYN EYE SURGERY CENTER,"1301 AVENUE J, BROOKLYN, NY 11230",1730180084
112,"CITY MEDICAL OF UPPER EAST SIDE, PLLC DBA CITYMD U","1305 KINGS HWY City Medical of Midw, BROOKLYN, NY 11229",1831586437
113,CITY MEDICAL OF UPPER EAST SIDE,"1305 KINGS HWY, BROOKLYN, NY 11229",1255742342
114,WMC CORNELL EMERGENCY PHYSICIANS,"1305 YORK AVE FL 9, NEW YORK, NY 10021",1205882586
115,TAKE CARE MED HLTH NY PC,"131 8TH AVE, NEW YORK, NY 10011",1083814974
116,ROCHESTER GENERAL HOSP-PROF FEES,"132 MONTAGUE ST, BROOKLYN, NY 11201",1063531929
117,MOUNT SINAI DOCTORS QUEENS,"1320 30TH AVE, ASTORIA, NY 11102",1942543889
118,COLLEGE POINT URGENT CARE,"13201 14TH AVE, COLLEGE POINT, NY 11356",1285975797
119,DIVINITY MEDICAL SERVICES PLLC,"133 37 41ST AVE, FLUSHING, NY 11355",1497159560
120,JAMAICA HOSPITAL/ER DEPT,"13303 JAMAICA AVE, RICHMOND HILL, NY 11418",1477505220
121,MOUNT SINAI ELMHURST FCLTY PRAC G,"13336 41ST RD STE 1, FLUSHING, NY 11355",1255375986
122,AFC URGENT CARE BRONX,"13337 41ST AVE, FLUSHING, NY 11355",1497159560
123,SUNY DOWNSTATE MED CENTER,"134 ATLANTIC AVE, BROOKLYN, NY 11201",1205868528
124,FLUSHING HOSP MED CTR/PROF FEES,"134-20 JAMAICA AVE 1FL AXEL, RICHMOND HILL, NY 11418",1730213877
125,FLUSHING HOSP MED CTR/PROF FEES,"13420 JAMAICA AVE FL 2, RICHMOND HILL, NY 11418",1730213877
126,NY FLUSHING HOSPITAL-MEDICAL C,"13420 JAMAICA AVE, RICHMOND HILL, NY 11418",1154461622
127,AG URGENT CARE,"1349 BROADWAY, BROOKLYN, NY 11221",1992116701
128,DIVINITY MEDICAL SERVICES PLLC,"135 25 79TH ST, HOWARD BEACH, NY 11414",1497159560
129,"CITY MEDICAL OF UPPER EAST SIDE, PLLC DBA CITYMD U","135 MONTAGUE ST City Medical of Broo, BROOKLYN, NY 11201",1669905840
130,CITY MEDICAL OF UPPER EAST SIDE,"135 MONTAGUE ST, BROOKLYN, NY 11201",1255742342
131,TAKE CARE MED HLTH NY PC,"1350 BROADWAY, NEW YORK, NY 10018",1083814974
132,CROSS ISLAND MEDICAL LLC,"13525 79TH ST, HOWARD BEACH, NY 11414",1285290775
133,MINUTECLINIC  THE MEDICAL CLINIC IN CVS/PHARMACY C,"1361 HYLAN BLVD, STATEN ISLAND, NY 10305",1366535494
134,HEALTHNEED MEDICAL URGENT CARE,"13617 39TH AVE 1A, FLUSHING, NY 11354",1609254242
135,HEALTH NEED MED URGT CARE,"13617 39TH AVE STE 1A, FLUSHING, NY 11354",1609254242
136,STAT MEDICAL SRVICES OF NY PLLC DBA HEALTHNEED MED,"13617 39TH AVE Suite 1A, FLUSHING, NY 11354",1609254242
137,STAT MEDICAL SERV OF NY PLLC,"13617 39TH AVE, FLUSHING, NY 11354",1609254242
138,OUR LADY OF MERCY/ER PHYSICIANS,"13620 38TH AVE STE 6D, FLUSHING, NY 11354",1669412847
139,"CITY MEDICAL OF UPPER EAST SIDE, PLLC DBA CITYMD U","138 DELANCEY ST City Medical of Dela, NEW YORK, NY 10002",1881088292
140,CITY MEDICAL OF UPPER EAST SIDE,"138 DELANCEY ST, NEW YORK, NY 10002",1255742342
141,"CITY MEDICAL OF UPPER EAST SIDE, PLLC DBA CITYMD U","138 FULTON ST City Medical of Fult, NEW YORK, NY 10038",1043761786
142,CITY MED OF UPPER E SIDE,"138 FULTON ST, NEW YORK, NY 10038",1043761786
143,DWELL FAMILY DOCTOR,"1381 WHITE PLAINS RD, BRONX, NY 10462",1134137573
144,"CITY MEDICAL OF UPPER EAST SIDE, PLLC DBA CITYMD U","14 W 14TH ST City Medical of Unio, NEW YORK, NY 10011",1487993564
145,CITY MEDICAL OF UPPER EAST SIDE,"14 W 14TH ST, NEW YORK, NY 10011",1255742342
146,AVAHA MEDICAL & REHABILITATION LLC,"140 BEACH 119TH ST, ROCKAWAY PARK, NY 11694",1184878274
147,NORTH CENTRAL BRONX HOSPITAL,"1400 PELHAM PKWY S RM 301, BRONX, NY 10461",1023024882
148,JMC/NCB PROFESSIONAL SERVICES,"1400 PELHAM PKWY S, BRONX, NY 10461",1528219359
149,SUNY DOWNSTATE MED CENTER,"1402 8TH AVE, BROOKLYN, NY 11215",1205868528
150,CITY MED OF UPPER E SIDE,"1412 BROADWAY, NEW YORK, NY 10018",1174122923
151,ESSEN MEDICAL URGICARE PLLC,"1434 WILLIAMSBRIDGE RD FL 2, BRONX, NY 10461",1841607298
152,ESSEN MEDICAL URGICARE PLLC DBA METRO URGICARE,"1434 WILLIAMSBRIDGE RD, BRONX, NY 10461",1841607298
153,BROOKLYN URGENT CARE OF MARINE PARK PLLC,"144 E 98TH ST Suite B, BROOKLYN, NY 11212",1982057584
154,GEORGE SAFRAN MD,"1440 BROADWAY, NEW YORK, NY 10018",1487983516
155,NORTHWELL HEALTH GOHEALTH URGENT CARE,"1445 RICHMOND AVE # E, STATEN ISLAND, NY 10314",1033536297
156,NORTH SHORE-LIJ URGENT CARE,"1445 RICHMOND AVE STE 3, STATEN ISLAND, NY 10314",1679970891
157,NORTH SHORE LIJ URGENT CARE PC,"1445 RICHMOND AVE SUITE E., STATEN ISLAND, NY 10314",1679970891
158,"NORTH SHORE - LIJ URGENT CARE, P.C.","1445 RICHMOND AVE Suite E, STATEN ISLAND, NY 10314",1679970891
159,GOHEALTH URGENT CARE CENTER - BULLS HEAD,"1445 RICHMOND AVE, STATEN ISLAND, NY 10314",1679970891
160,GOHEALTH URGENT CARE CENTER - WILLIAMSBURG,"145 KENT AVE, BROOKLYN, NY 11249",1679970891
161,FLUSHING HOSPITAL MEDICAL CENTER,"14601 45TH AVE STE 203, FLUSHING, NY 11355",1548217763
162,FLUSHING HOSP MED CTR/PROF FEES,"14601 45TH AVE STE 211, FLUSHING, NY 11355",1730213877
163,MT SINAI HOSPITAL AMBULATORY CARE CTR,"1470 MADISON AVE, NEW YORK, NY 10029",9999999999
164,CITY MEDICAL OF UPPER EAST SIDE,"1470 METROPOLITAN AVE, BRONX, NY 10462",1033612437
165,METRO UC OF QUEENS PLLC,"147TH ST & 150TH ST BL125, JAMAICA, NY 11430",1417349507
166,SUNY DOWNSTATE MED CENTER,"148 PIERREPONT ST, BROOKLYN, NY 11201",1205868528
167,PM PEDIATRICS OF ROCKLAND COUNTY,"1480 60TH ST, BROOKLYN, NY 11219",1285768598
168,MOONLIGHT PEDIATRICS,"1483 60TH ST, BROOKLYN, NY 11219",1285768598
169,NORTHWELL-GO HEALTH,"149 KENT AVE, BROOKLYN, NY 11249",1053688572
170,METRO URGICARE,"15 OCEAN AVE, BROOKLYN, NY 11225",1841607298
171,MOUNT SINAI ELMHURST FCLTY PRAC G,"150 55TH ST STE 3524, BROOKLYN, NY 11220",1255375986
172,SUNY DOWNSTATE MED CENTER,"150 55TH ST, BROOKLYN, NY 11220",1205868528
173,GEORGE SAFRAN MD,"150 E 42ND ST, NEW YORK, NY 10017",1487983516
174,"CITY MEDICAL OF UPPER EAST SIDE, PLLC DBA CITYMD U","1500 LEXINGTON AVE City Medical of  Eas, NEW YORK, NY 10029",1124404231
175,CITY MED OF UPPER E SIDE,"1500 LEXINGTON AVE, NEW YORK, NY 10029",1124404231
176,WE CARE WALK-IN MEDICAL SVC,"15142 82ND ST, HOWARD BEACH, NY 11414",1154584936
177,UNION MEDICAL CARE,"1523 45TH ST, BROOKLYN, NY 11219",1184066698
178,MOONLIGHT PEDIATRICS,"1530 43RD ST, BROOKLYN, NY 11219",1285768598
179,"CITY MEDICAL OF UPPER EAST SIDE, PLLC DBA CITYMD U","154 N 7TH ST City Medical of will, BROOKLYN, NY 11249",1477966083
180,CITY MEDICAL OF UPPER EAST SIDE,"154 N 7TH ST, BROOKLYN, NY 11249",1255742342
181,"ATLANTIC URGENT CARE, P.C.","1545 ATLANTIC AVE SUITE 114, BROOKLYN, NY 11213",1740521046
182,ATLANTIC URGENT CARE,"1545 ATLANTIC AVE Ste 114, BROOKLYN, NY 11213",1740521046
183,INTERFAITH MEDICAL CENTER,"1545 ATLANTIC AVE, BROOKLYN, NY 11213",1487724712
184,PROMPT URGENT CARE,"155 BAY ST STE 2, STATEN ISLAND, NY 10301",1598296741
185,PROMPT URGENT CARE  PLLC,"155 BAY ST UNIT C2, STATEN ISLAND, NY 10301",1598296741
186,"PROMPT URGENT CARE, PLLC","155 BAY ST Unit C-2, STATEN ISLAND, NY 10301",1598296741
187,PROMPT URGENT CARE PLLC,"155 BAY ST, STATEN ISLAND, NY 10301",1598296741
188,METRO URGICARE,"1550 DR MARTIN L KING JR BLVD STE G, BRONX, NY 10452",1841607298
189,ESSEN MED URGICARE PLLC,"1550 DR MARTIN L KING JR BLVD SUITE G, BRONX, NY 10452",1841607298
190,ESSEN MEDICAL URGICARE PLLC DBA METRO URGICARE PLL,"1550 DR MARTIN L KING JR BLVD Suite G, BRONX, NY 10452",1841607298
191,ESSEN MEDICAL URGICARE,"1550 DR MARTIN L KING JR BLVD, BRONX, NY 10452",1841607298
192,EMPIRE URGENT CARE,"1551 RICHMOND RD Suite 1A, STATEN ISLAND, NY 10304",1225394620
193,EMPIRE URGENT CARE PLLC,"1551 RICHMOND RD UNIT 1A, STATEN ISLAND, NY 10304",1225394620
194,IVY URGENT CARE,"1551 RICHMOND RD, STATEN ISLAND, NY 10304",1225394620
195,NORTH SHORE - LIJ URGENT CARE,"1555 1ST AVE A, NEW YORK, NY 10028",9999999999
196,NORTH SHORE-LIJ URGENT CARE,"1555 1ST AVE STE A, NEW YORK, NY 10028",1679970891
197,"NORTH SHORE - LIJ URGENT CARE, PC","1555 1ST AVE Suite A, NEW YORK, NY 10028",1679970891
198,NORTHWELL-GO HEALTH,"1555 1ST AVE, NEW YORK, NY 10028",1053688572
199,WMC CORNELL EMERGENCY PHYSICIANS,"156 WILLIAM ST FL 11, NEW YORK, NY 10038",1205882586
200,MIDTOWN NEW YORK DOCTOR'S URGENT CA,"15740 CROSSBAY BLVD, HOWARD BEACH, NY 11414",1013278274
201,AG URGENT CARE,"1576 FLATBUSH AVE, BROOKLYN, NY 11210",1992116701
202,AHAVA MEDICAL REHAB CTR,"16 18 SUMNER AVE, BROOKLYN, NY 11206",1215339577
203,AHAVA MEDICAL AND REHABILITATION CENTER,"16 18 SUMNER PLACE A5398921, BROOKLYN, NY 11210",1215339577
204,AHAVA MEDICAL AND REHABILITATION CENTER LLC,"16 SUMNER PL, BROOKLYN, NY 11206",1184878274
205,SUNY DOWNSTATE MED CENTER,"160 WATER ST FL 20, NEW YORK, NY 10038",1205868528
206,PROHEALTH URGENT CARE OF YORKVILLE,"1601 3RD AVE SUITE 1, NEW YORK, NY 10128",1285975797
207,PROHEALTH URGENT CARE MEDICINE PLLC,"1601 3RD AVE Suite 1, NEW YORK, NY 10128",1285975797
208,PRO-HEALTH URGENT CARE,"1601 3RD AVE, NEW YORK, NY 10128",1285975797
209,SUNY DOWNSTATE MED CENTER,"161 ATLANTIC AVE STE 202, BROOKLYN, NY 11201",1205868528
210,TRUSTEES COLUMBIA - ER,"161 FORT WASHINGTON AVE FL 2, NEW YORK, NY 10032",1699289488
211,GEORGE SAFRAN MD,"1619 BROADWAY, NEW YORK, NY 10019",1487983516
212,EUROMEDICAL URGENT CARE,"1620 CROSBY AVE, BRONX, NY 10461",1619218047
213,"CITY MEDICAL OF UPPER EAST SIDE, PLLC DBA CITYMD U","16221 JAMAICA AVE City Medical of  Jam, JAMAICA, NY 11432",1245762780
214,CITY MEDICAL OF UPPER EAST SIDE,"16221 JAMAICA AVE, JAMAICA, NY 11432",1033612437
215,TAKE CARE MED HLTH NY PC,"1627 BROADWAY, NEW YORK, NY 10019",1083814974
216,"NORTHERN URGENT MEDICAL CARE, PLLC","164-18 NOTHERN BLVD, FLUSHING, NY 11358",1497926968
217,HILLSIDE URGENT CARE PLLC,"16403 HILLSIDE AVE, JAMAICA, NY 11432",1407240583
218,NORTHERN URGENT MED CARE,"16418 NORTHERN BLVD, FLUSHING, NY 11358",1497926968
219,URGENT MEDICAL CARE PLLC,"1643 WESTCHESTER AVE, BRONX, NY 10472",1639554082
220,SPECIALTY INFUSION,"1644 EASTCHESTER RD, BRONX, NY 10461",1932619608
221,PROHEALTH URGENT CARE MEDICINE,"16450 CROSSBAY BLVD Fl 1, HOWARD BEACH, NY 11414",1285975797
222,HOWARD BEACH URGENT CARE,"16450 CROSSBAY BLVD, HOWARD BEACH, NY 11414",1285975797
223,BRONX LEBANON HSP/EM DEPT,"1650 GRAND CONCOURSE FL 1, BRONX, NY 10457",1669729117
224,BRONXCARE HEALTH SYSTEM,"1650 GRAND CONCOURSE, BRONX, NY 10457",1326115692
225,BRONXCARE SUB-SPECIALTY PRACTICE,"1650 SELWYN AVE FL 9, BRONX, NY 10457",1417027558
226,PROXI MEDICAL,"1665 BEDFORD AVE, BROOKLYN, NY 11225",1184000853
227,ASJS MEDICAL  PLLC,"1671 W 10TH ST, BROOKLYN, NY 11223",1326229022
228,AG URGENT CARE PC,"16814 JAMAICA AVE, JAMAICA, NY 11432",1992116701
229,BI EMERGENCY MEDICINE,"170 E END AVE, NEW YORK, NY 10128",9999999999
230,WMC CORNELL EMERGENCY PHYSICIANS,"170 WILLIAM ST FL 1, NEW YORK, NY 10038",1205882586
231,NEW YORK PRESBYTERIAN HOSPITAL - LOWER MANHATTAN H,"170 WILLIAM ST, NEW YORK, NY 10038",1053413989
232,NORTHWELL HEALTH GOHEALTH URGENT CARE,"1700 HYLAN BLVD, STATEN ISLAND, NY 10305",1033536297
233,TRIBOROUGH MEDICAL URGENT CARE,"1711 RALPH AVE, BROOKLYN, NY 11236",1538575642
234,SUNY DOWNSTATE MED CENTER,"1725 E 12TH ST STE 301, BROOKLYN, NY 11229",1205868528
235,BRONX URGENT CARE,"1733 E 174TH ST, BRONX, NY 10472",1093246274
236,210 MJD PRECISION URGENT CARE,"1737 SEAGIRT BLVD, FAR ROCKAWAY, NY 11691",1750712220
237,KINGSBROOK MEDICAL ASSOCIATES,"1740 84TH ST, BROOKLYN, NY 11214",1104112838
238,CALVARY HOSPITAL,"1740 EASTCHESTER RD, BRONX, NY 10461",1003858390
239,QUICKMED MEDICAL DBA CURE URGENT CARE,"175 E 96TH ST, NEW YORK, NY 10128",1003253030
240,"NORTH SHORE - LIJ URGENT CARE, P.C.","176 3RD AVE, NEW YORK, NY 10003",1679970891
241,ASJS MEDICAL  PLLC,"1762 MCDONALD AVE, BROOKLYN, NY 11230",1326229022
242,JAMAICA HOSPITAL/ER DEPT,"17660 UNION TPKE STE 100, FRESH MEADOWS, NY 11366",1477505220
243,MEDRITE URGENT CARE,"177 DYCKMAN ST, NEW YORK, NY 10040",1386954055
244,TRUSTEES COLUMBIA - ER,"177 FORT WASHINGTON AVE, NEW YORK, NY 10032",1699289488
245,METRO URGICARE,"1775 GRAND CONCOURSE Ste A, BRONX, NY 10453",1841607298
246,ESSEN MEDICAL URGICARE PLLC DBA METRO URGICARE,"1775 GRAND CONCOURSE Suite 4C, BRONX, NY 10453",1841607298
247,"ESSEN MEDICAL URGICARE, PLLC","1775 GRAND CONCOURSE, BRONX, NY 10453",1841607298
248,MEDRITE MEDICAL CARE PC,"178 11 UNION TPKE, FRESH MEADOWS, NY 11366",1386954055
249,MEDRITE MEDICAL CARE,"17811 UNION TPKE, FRESH MEADOWS, NY 11366",1386954055
250,SOUND EMERGENCY PHYSICIANS,"1797 CONEY ISLAND AVE, BROOKLYN, NY 11230",1114011210
251,TRUSTEES COLUMBIA - ER (PEDS),"180 FORT WASHINGTON AVE STE 199, NEW YORK, NY 10032",1699289488
252,CENTERS URGENT CARE,"1811 AVENUE J, BROOKLYN, NY 11230",1275936932
253,NYHMCQ EMERGENCY PRACTICE PLAN,"18219 HORACE HARDING EXPY, FRESH MEADOWS, NY 11365",1013960962
254,PM PEDIATRICS,"1823 86TH ST, BROOKLYN, NY 11214",1073645180
255,MONTEFIORE MEDICAL CENTER,"1825 EASTCHESTER RD, BRONX, NY 10461",1942495130
256,NORTH CENTRAL BRONX HOSPITAL,"1826 ARTHUR AVE, BRONX, NY 10457",1023024882
257,CITYMD URGENT CARE,"184 W 237TH ST, BRONX, NY 10463",1801207998
258,SUNY DOWNSTATE MED CENTER,"185 MONTAGUE ST FL 4, BROOKLYN, NY 11201",1205868528
259,UNION MEDICAL CARE  PLLC,"186-10 UNION TURNPIKE A5401287, FRESH MEADOWS, NY 11366",1184066698
260,UNION MEDICAL CARE,"18606 UNION TPKE, FRESH MEADOWS, NY 11366",1184066698
261,ESSEN MEDICAL URGICARE PLLC,"1865 AMSTERDAM AVE # A, NEW YORK, NY 10031",1841607298
262,METRO URGICARE,"1865 AMSTERDAM AVE STE A, NEW YORK, NY 10031",1841607298
263,"ESSEN MEDICAL URGICARE, PLLC D/B/A METRO URGICARE","1865 AMSTERDAM AVE Suite A, NEW YORK, NY 10031",1841607298
264,HILLSIDE POLYMEDIC DIAGNOSTIC & TREATMENT CENTER,"18730 HILLSIDE AVE, JAMAICA, NY 11432",1689879280
265,ASJS MEDICAL,"1880 PROSPECT PL, BROOKLYN, NY 11233",1326229022
266,JAMAICA HOSPITAL/ER DEPT,"18803 JAMAICA AVE, HOLLIS, NY 11423",1477505220
267,METROPOLITAN HOSPITAL CENTER,"1901 1ST AVE MAIN BLDG FL 14 STE1, NEW YORK, NY 10029",1013924372
268,METROPOLITAN HOSPITAL CENTER - VIROLOGY CLINIC,"1901 1ST AVE Main Bld, 14-B, NEW YORK, NY 10029",1013924372
269,METROPOLITAN HOSPITA L CENTER,"1901 1ST AVE, NEW YORK, NY 10029",1013924372
270,"CITY MEDICAL OF UPPER EAST SIDE, PLLC DBA CITYMD U","19120 NORTHERN BLVD City Medical of Aubu, FLUSHING, NY 11358",1558876664
271,FIRST MED IMMEDIATE MEDICAL SERVICES OF QUEENS,"19120 NORTHERN BLVD, FLUSHING, NY 11358",1073673034
272,"CITY MEDICAL OF UPPER EAST SIDE, PLLC DBA CITYMD U","193 W 237TH ST City Medical of Rive, BRONX, NY 10463",1801207998
273,CITY MEDICAL OF UPPER EAST SIDE,"193 W 237TH ST, BRONX, NY 10463",1255742342
274,BROOKLYN HEIGHTS MEDICAL OFFICE,"195 MONTAGUE ST FL 2, BROOKLYN, NY 11201",1477507499
275,RAPID ACCESS CARE ACP,"195 MONTAGUE ST, BROOKLYN, NY 11201",1689627184
276,CITY MD,"196 E 237TH ST, BRONX, NY 10470",1730491945
277,BP IMMEDIATE MEDICAL CARE,"1975 HYLAN BLVD, STATEN ISLAND, NY 10306",1205105004
278,BN MEDICINE PC DBA ZOOM CARE 365,"1976 2ND AVE, NEW YORK, NY 10029",1154976876
279,ASJS MEDICAL  PLLC,"1977 FLATBUSH AVE, BROOKLYN, NY 11234",1326229022
280,NYHMCQ EMERGENCY PRACTICE PLAN,"1981 MARCUS AVE STE 208, STATEN ISLAND, NY 10301",1013960962
281,NORTHWELL HEALTH GOHEALTH URGENT CARE,"199 AMSTERDAM AVE, NEW YORK, NY 10023",1033536297
282,BRONX LEBANON HSP/EM DEPT,"199 MOUNT EDEN PKWY, BRONX, NY 10457",1669729117
283,ESSEN MEDICAL URGICARE PLLC DBA METRO URGICARE PLL,"1990 MCGRAW AVE First Floo, BRONX, NY 10462",1841607298
284,ESSEN MEDICAL URGICARE PLLC,"1990 MCGRAW AVE, BRONX, NY 10462",1841607298
285,MOUNT SINAI BETH ISRAEL,"1ST AVE & E 16TH ST, NEW YORK, NY 10003",1063657963
286,CITY MEDICAL OF UPPER EAST SIDE,"2 W FORDHAM RD, BRONX, NY 10468",1255742342
287,MOONLIGHT PEDIATRICS,"200 WALLABOUT ST, BROOKLYN, NY 11206",1285768598
288,MOONLIGHT PEDIATRICS PC,"2000 WALLABOUT ST, BROOKLYN, NY 11206",1285768598
289,JAMAICA HOSPITAL/ER DEPT,"20016 HOLLIS AVE, SAINT ALBANS, NY 11412",1477505220
290,NEW YORK URGENT CARE,"2007 127TH ST, COLLEGE POINT, NY 11356",1972797082
291,BRONX PK URGENT MED CARE,"2016 BRONXDALE AVE STE 101, BRONX, NY 10462",1326191727
292,"BRONX PARK URGENT MEDICAL CARE, P.C","2016 BRONXDALE AVE SUITE 101, BRONX, NY 10462",1326191727
293,BRONX PARK URGENT CARE,"2016 BRONXDALE AVE Suite 101, BRONX, NY 10462",1326191727
294,BRONX PARK URGENT MEDICAL CARE PC,"2016 BRONXDALE AVE, BRONX, NY 10462",1326191727
295,"CITY MEDICAL OF UPPER EAST SIDE, PLLC DBA CITYMD U","2025 BROADWAY City Medical of Uppe, NEW YORK, NY 10023",1033512611
296,CITY MD,"2025 BROADWAY, NEW YORK, NY 10023",1033512611
297,KINGS COUNTY HOSPITAL-PROF FEE,"2040 FOREST AVE, STATEN ISLAND, NY 10303",1043224355
298,MIDTOWN NEW YORK DOCTOR'S URGENT CA,"205 LEXINGTON AVE, NEW YORK, NY 10016",1013278274
299,"ADVANCED MEDICAL CARE OF NEW YORK, P.C.","2060 UTICA AVE, BROOKLYN, NY 11234",1487912903
300,JPR URGENT MEDICAL CARE,"2063A BARTOW AVE, BRONX, NY 10475",1114172848
301,TAKE CARE MED HLTH NY PC,"2069 BROADWAY, NEW YORK, NY 10023",1083814974
302,KINGS COUNTY HOSPITAL-PROF FEE,"2094 PITKIN AVE, BROOKLYN, NY 11207",1043224355
303,TRUSTEES COLUMBIA - ER,"21 AUBUDON AVE STE C, NEW YORK, NY 10032",1699289488
304,TRUSTEES COLUMBIA - ER,"21 AUDUBON AVE GROUND STE C, NEW YORK, NY 10032",1699289488
305,ASSOCIATES IN EMERGENCY SERVICES,"21 AUDUBON AVE STE C, NEW YORK, NY 10032",1073524369
306,CITY MEDICAL OF BROADWAY TRIANGLE,"21 GRAHAM AVE, BROOKLYN, NY 11206",1467071654
307,WALK IN MEDICAL URGENT CARE,"21012 NORTHERN BLVD, BAYSIDE, NY 11361",1306137070
308,SOUTH NASSAU WALK-IN MEDICAL CARE,"21022 NORTHERN BLVD, BAYSIDE, NY 11361",1801127576
309,PM PEDIATRICS,"21031 26TH AVE, BAYSIDE, NY 11360",1073645180
310,SUNY DOWNSTATE MED CENTER,"2107 DITMAS AVE, BROOKLYN, NY 11226",1205868528
311,"CITY MEDICAL OF UPPER EAST SIDE, PLLC DBA CITYMD U","212 E 23RD ST City Medical of East, NEW YORK, NY 10010",1437522331
312,CITY MEDICAL OF UPPER EAST SIDE,"212 E 23RD ST, NEW YORK, NY 10010",1255742342
313,"CITY MEDICAL OF UPPER EAST SIDE, PLLC DBA CITYMD U","2125 NOSTRAND AVE City Medical of Flat, BROOKLYN, NY 11210",1851823363
314,CITY MEDICAL OF UPPER EAST SIDE,"2125 NOSTRAND AVE, BROOKLYN, NY 11210",1255742342
315,PROFFESSIONAL OCCUPATIONAL AND PHYSICAL THERAPY,"2142 UTOPIA PKWY, WHITESTONE, NY 11357",1093162422
316,"CITY MEDICAL OF UPPER EAST SIDE, PLLC DBA CITYMD U","2146 BARTOW AVE City Medical of Bayc, BRONX, NY 10475",1811364201
317,CITY MEDICAL OF UPPER EAST SIDE,"2146 BARTOW AVE, BRONX, NY 10475",1255742342
318,CITYMD URGENT CARE,"2146 BARTOW AVE, BROOKLYN, NY 11217",1255742342
319,RAPID ACCESS CARE  ACP,"215 E 95TH ST, NEW YORK, NY 10128",1740222181
320,GEORGE SAFRAN MD,"215 PARK AVE S, NEW YORK, NY 10003",1487983516
321,"CITY MEDICAL OF UPPER EAST SIDE, PLLC DBA CITYMD U","216 E 14TH ST City Medical of Unio, NEW YORK, NY 10003",1548671126
322,CITY MEDICAL OF UPPER EAST SIDE,"216 E 14TH ST STE B, NEW YORK, NY 10003",1033612437
323,CITYMD URGENT CARE,"216 E 14TH ST, NEW YORK, NY 10003",1255742342
324,SUNY DOWNSTATE MED CENTER,"2171 NOSTRAND AVE, BROOKLYN, NY 11210",1205868528
325,MED ONE CARE LLC,"21714 MERRICK BLVD, SPRINGFIELD GAR, NY 11413",1497925291
326,"CITY MEDICAL OF UPPER EAST SIDE, PLLC DBA CITYMD U","2175 86TH ST City Medical of Bens, BROOKLYN, NY 11214",1861870206
327,CITY MEDICAL OF UPPER EAST SIDE,"2175 86TH ST, BROOKLYN, NY 11214",1255742342
328,"CITY MEDICAL OF UPPER EAST SIDE, PLLC DBA CITYMD U","2178 WHITE PLAINS RD City Medical of Pelh, BRONX, NY 10462",1407303613
329,CITY MEDICAL OF UPPER EAST SIDE,"2178 WHITE PLAINS RD, BRONX, NY 10462",1255742342
330,CITY MEDICAL OF UPPER EAST SIDE,"2183A RALPH AVE, BROOKLYN, NY 11234",1033612437
331,"CITY MEDICAL OF UPPER EAST SIDE, PLLC DBA CITYMD U","2187 RICHMOND AVE City Medical of Stat, STATEN ISLAND, NY 10314",1518374438
332,CITY MEDICAL OF UPPER EAST SIDE,"2187 RICHMOND AVE, STATEN ISLAND, NY 10314",1255742342
333,CITY MEDICAL OF UPPER EAST SIDE PLLC,"220 E 23RD ST, NEW YORK, NY 10010",1730491945
334,ESSEN MEDICAL URGICARE PLLC,"2202 GRAND CONCOURSE # A, BRONX, NY 10457",1841607298
335,METRO URGICARE,"2202 GRAND CONCOURSE STE A, BRONX, NY 10457",1841607298
336,"ESSEN MEDICAL URGICARE, PLLC D/B/A METRO URGICARE","2202 GRAND CONCOURSE Suite A, BRONX, NY 10457",1841607298
337,ESSEN MEDICAL URGICARE PLLC DBA METRO URGICARE,"2202 GRAND CONCOURSE, BRONX, NY 10457",1841607298
338,LONG ISLAND CITY URGENT CARE,"224 50TH AVE, LONG ISLAND CIT, NY 11101",1285975797
339,CITY MEDICAL OF UPPER EAST SIDE,"2248 31ST ST, ASTORIA, NY 11105",1033612437
340,NORTH SHORE-LIJ URGENT CARE,"225 W 23RD ST 1, NEW YORK, NY 10011",1679970891
341,NORTH SHORE LIJ URGENT CARE PC,"225 W 23RD ST STORE 1, NEW YORK, NY 10011",1679970891
342,NORTHWELL HEALTH GOHEALTH URGENT CARE,"225 W 23RD ST, NEW YORK, NY 10011",1033536297
343,DOWNTOWN BRONX MEDICAL ASSOC,"225A E 149TH ST, BRONX, NY 10451",1689618407
344,NORTH CENTRAL BRONX HOSPITAL,"227 MADISON ST, NEW YORK, NY 10002",1023024882
345,PENINSULA MEDICAL SVCS,"228 BEACH 20TH ST, FAR ROCKAWAY, NY 11691",1609095280
346,CITY MEDICAL OF UPPER EAST SIDE PLLC,"228 COURT ST # 230, BROOKLYN, NY 11201",1730491945
347,"CITY MEDICAL OF UPPER EAST SIDE, PLLC DBA CITYMD U","228 COURT ST City Medical of Cobb, BROOKLYN, NY 11201",1942611520
348,CITYMD URGENT CARE,"228 COURT ST Suite 230, BROOKLYN, NY 11201",1649899832
349,CITY MEDICAL OF UPPER EAST SIDE,"228 COURT ST, BROOKLYN, NY 11201",1255742342
350,CITY MD,"228230 CT ST, BROOKLYN, NY 11201",1730491945
351,SILVER STAR URGENT CARE,"230 BEACH 102ND ST, ROCKAWAY PARK, NY 11694",1750712220
352,ST. LUKES CENTER COMPREHENSIVE CARE- WEST VILLAGE,"230 W 17TH ST, NEW YORK, NY 10011",1104982917
353,MMG-BRONX EAST URGENT CRE,"2300 WESTCHESTER AVE, BRONX, NY 10462",1255660148
354,ESSEN MEDICAL URGICARE PLLC D/B/A METRO URGICARE,"2304 EASTCHESTER RD APT BRO, BRONX, NY 10469",1841607298
355,DWELL FAMILY DOCTOR,"2304 EASTCHESTER RD, BRONX, NY 10469",1134137573
356,HEWLETT URGENT CARE PLLC DBA URGENT,"2329 NOSTRAND AVE, BROOKLYN, NY 11210",1013252055
357,DOWNTOWN BRONX MEDICAL ASSOC,"234 E 149TH ST STE 8D-200, BRONX, NY 10451",1689618407
358,KINGS COUNTY HOSPITAL-PROF FEE,"234 E 149TH ST, BRONX, NY 10451",1043224355
359,DOWNTOWN BRONX MEDICAL ASSOC,"235 E 149TH ST, BRONX, NY 10451",1689618407
360,"MARK KIRSCHENBAUM MEDICAL, P.C.","2361 NOSTRAND AVE, BROOKLYN, NY 11210",1902315161
361,SUNY DOWNSTATE MED CENTER,"239 82ND ST, BROOKLYN, NY 11209",1205868528
362,"CITY MEDICAL OF UPPER EAST SIDE, PLLC DBA CITYMD U","2398 BROADWAY City Medical of Uppe, NEW YORK, NY 10024",1710262266
363,CITY MEDICAL OF UPPER EAST SIDE,"2398 BROADWAY, NEW YORK, NY 10024",1255742342
364,CITY MEDICAL OF UPPER EAST SIDE,"24 BROAD ST, NEW YORK, NY 10005",1033612437
365,PM PEDIATRICS,"240 ATLANTIC AVE, BROOKLYN, NY 11201",1073645180
366,NYU LANGONE ORTHOPEDIC HOSPITAL,"240 E 18TH ST, NEW YORK, NY 10003",1669578324
367,NYU MULTIPLE SCLEROSIS COMPREHENSIVE CARE CENTER,"240 E 38TH ST, NEW YORK, NY 10016",1831549559
368,PM PEDIATRICS,"2407 RICHMOND AVE, STATEN ISLAND, NY 10314",1073645180
369,PHYSICIANS OF UNIV HOSP-EMERG MED,"242 MASON AVE, STATEN ISLAND, NY 10305",1417901323
370,DOWNTOWN BRONX MEDICAL ASSOC,"243 E 149TH ST, BRONX, NY 10451",1689618407
371,STAT MEDICAL,"24502 HORACE HARDING EXPY, LITTLE NECK, NY 11362",1023146198
372,PHYSICIANS OF UNIV HOSP-EMERG MED,"2460 HYLAN BLVD, STATEN ISLAND, NY 10306",1417901323
373,IMMEDIATE MEDICAL CARE,"2462 FLATBUSH AVE, BROOKLYN, NY 11234",1649385717
374,CITYMD URGENT CARE,"2465 BROADWAY, NEW YORK, NY 10025",1649899832
375,MONTEFIORE WESTCHESTER SQUARE,"2475 SAINT RAYMONDS AVE, BRONX, NY 10461",1063525152
376,SUNY DOWNSTATE MED CENTER,"2503 CHURCH AVE, BROOKLYN, NY 11226",1205868528
377,MT SINAI HOSPITAL OF QUEENS,"2510 30TH AVE, ASTORIA, NY 11102",1013948595
378,NEW YORK URGENT CARE,"25105 JERICHO TPKE, BELLEROSE, NY 11426",1972797082
379,AMB MEDICAL SERVICES,"25115 UNION TPKE, BELLEROSE, NY 11426",1568534766
380,CITY MEDICAL OF UPPER EAST SIDE,"2518 QUEENS PLZ S, LONG ISLAND CIT, NY 11101",1033612437
381,WMC CORNELL EMERGENCY PHYSICIANS,"252 E 68TH ST, NEW YORK, NY 10065",1205882586
382,NY COMMUNITY HOSP OF BROOKLYN-ER PHYS,"2525 KINGS HWY, BROOKLYN, NY 11229",1205840055
383,NORTH CENTRAL BRONX HOSPITAL,"2527 GLEBE AVE, BRONX, NY 10461",1023024882
384,PM PEDIATRICS OF BAYSIDE,"25311 HILLSIDE AVE, BELLEROSE, NY 11426",1528409026
385,MMC URGENT CARE CTR GRAND CONCOURSE,"2532 GRAND CONCOURSE, BRONX, NY 10458",1619400132
386,MMC GERIATRIC MEDICINE FPP,"2542 BOSTON RD, BRONX, NY 10467",1831203132
387,LITTLE NECK URGENT CARE,"25461 NASSAU BLVD, LITTLE NECK, NY 11362",1285975797
388,ASJS MEDICAL PLLC,"255 E 98TH ST, BROOKLYN, NY 11212",1326229022
389,AHAVA MEDICAL REHAB CTR,"2555 NORSTRAND AVE, BROOKLYN, NY 11210",1184878274
390,AHAVA MEDICAL REHAB CTR,"2555 NOSTRAND AVE 1, BROOKLYN, NY 11210",1184878274
391,AHAVA MED AND REHAB CTR,"2555 NOSTRAND AVE, BROOKLYN, NY 11210",1184878274
392,ESSEN MEDICAL URGICARE PLLC DBA METRO URGICARE PLL,"256 AINSLIE ST, BROOKLYN, NY 11211",1841607298
393,PHYSICIANS OF UNIV HOSP-EMERG MED,"256 MASON AVE, STATEN ISLAND, NY 10305",1417901323
394,CITY MEDICAL OF UPPER EAST SIDE,"256 UTICA AVE, BROOKLYN, NY 11213",1033612437
395,"NORTH SHORE - LIJ URGENT CARE, PC","25611 UNION TPKE, GLEN OAKS, NY 11004",1679970891
396,NORTH SHORE-LIJ URGENT CARE  PC,"2582 HYLAN BLVD, STATEN ISLAND, NY 10306",1679970891
397,NORTH SHORE - LIJ URGENT CARE,"2590 HYLAN BLVD A, STATEN ISLAND, NY 10306",9999999999
398,NORTHWELL HEALTH GOHEALTH URGENT CARE,"2590 HYLAN BLVD UNIT A, STATEN ISLAND, NY 10306",1033536297
399,"NORTH SHORE - LIJ URGENT CARE, PC","2590 HYLAN BLVD Unit A, STATEN ISLAND, NY 10306",1679970891
400,NORTHWELL-GO HEALTH,"2590 HYLAN BLVD, STATEN ISLAND, NY 10306",1053688572
401,GLEN OAKS URGENT CARE,"25925 UNION TPKE, GLEN OAKS, NY 11004",1285975797
402,BROOKLYN HEIGHTS URG CARE,"26 COURT ST, BROOKLYN, NY 11242",1285975797
403,GEORGE SAFRAN MD,"260 ARDEN AVE, STATEN ISLAND, NY 10312",1487983516
404,CENTURY MED DENTAL CTR,"260 AVENUE X, BROOKLYN, NY 11223",1144399098
405,NORTH CENTRAL BRONX HOSPITAL,"2601 OCEAN PKWY, BROOKLYN, NY 11235",1023024882
406,NORTHWELL HEALTH GOHEALTH URGENT CARE,"2628 BROADWAY, NEW YORK, NY 10025",1033536297
407,ACCORD URGENT CARE,"2632 E 14TH ST, BROOKLYN, NY 11235",1700276755
408,KINGS COUNTY HOSPITAL-PROF FEE,"264 W 118TH ST, NEW YORK, NY 10026",1043224355
409,BN MEDICINE PC DBA ZOOM CARE 365,"2647 FREDERICK DOUGLASS BLVD, NEW YORK, NY 10030",1154976876
410,CURE URGENT CARE,"2689 BROADWAY, NEW YORK, NY 10025",1003253030
411,LONG ISLAND JEWISH MEDICAL CENTER,"26901 76TH AVE Schneider Hsp, NEW HYDE PARK, NY 11040",1750542940
412,PM PEDIATRICS OF MAMARONECK,"26901 76TH AVE, NEW HYDE PARK, NY 11040",1073645180
413,SUNY DOWNSTATE MED CENTER,"270 9TH ST, BROOKLYN, NY 11215",1205868528
414,HUNTINGTON HOSPITAL/PROF FEES,"27005 76TH AVE RM B241, NEW HYDE PARK, NY 11040",1225003221
415,LIJ EMERGENCY MEDICINE PHYS,"27005 76TH AVE, NEW HYDE PARK, NY 11040",1003145905
416,"CITY MEDICAL OF UPPER EAST SIDE, PLLC DBA CITYMD U","2710 BROADWAY City Medical of Uppe, NEW YORK, NY 10025",1760899678
417,CITY MEDICAL OF UPPER EAST SIDE,"2710 BROADWAY, NEW YORK, NY 10025",1255742342
418,"CITY MEDICAL OF UPPER EAST SIDE, PLLC DBA CITYMD U","2710 HYLAN BLVD City Medical of New, STATEN ISLAND, NY 10306",1760937445
419,CITY MEDICAL OF UPPER EAST SIDE,"2710 HYLAN BLVD, STATEN ISLAND, NY 10306",1255742342
420,CITY MD,"2710 HYLAND BLVD, STATEN ISLAND, NY 10306",1730491945
421,CURE URGENT CARE,"2718 MERMAID AVE, BROOKLYN, NY 11224",1003253030
422,ESSEN MEDICAL URGICARE PLLC,"2720 WHITE PLAINS RD # A, BRONX, NY 10467",1841607298
423,ESSEN MEDICAL URGICARE PLLC DBA METRO URGICARE PLL,"2720 WHITE PLAINS RD, BRONX, NY 10467",1841607298
424,ESSEN MEDICAL URGICARE PLLC DBA METRO URGICARE,"2742 3RD AVE Suite B, BRONX, NY 10455",1841607298
425,"ESSEN MEDICAL URGICARE, PLLC","2742 3RD AVE, BRONX, NY 10455",1841607298
426,MOUNT SINAI ELMHURST FCLTY PRAC G,"2747 CRESCENT ST STE 202, ASTORIA, NY 11102",1255375986
427,NORTHWELL HEALTH- GO HEALTH URGENT CARE (YORKTOWN,"28 TRIANGLE CTR, BROOKLYN, NY 11245",1679970891
428,MOUNT SINAI BETH ISRAEL,"281 1ST AVE, NEW YORK, NY 10003",1588067813
429,CURE URGENT CARE,"2817 MERMAID AVE, BROOKLYN, NY 11224",1003253030
430,HEMPSTEAD MAIN MEDICAL CENTER,"2826 WESTCHESTER AVE Suite 204, BRONX, NY 10461",1073648705
431,"HEMPSTEAD MAIN MEDICAL CENTER, P.C.","2826 WESTCHESTER AVE, BRONX, NY 10461",1073648705
432,RAPID ACCESS CARE ACP,"2832 LINDEN BLVD, BROOKLYN, NY 11208",1689627184
433,SUNY DOWNSTATE MED CENTER,"284 BALTIC ST, BROOKLYN, NY 11201",1205868528
434,MMC GERIATRIC MEDICINE FPP,"2844 OCEAN PKWY, BROOKLYN, NY 11235",1831203132
435,NYU LANGONE URGENT CARE WEST SIDE,"2857 W 8TH ST Ste 200, BROOKLYN, NY 11224",1972012540
436,"CITY MEDICAL OF UPPER EAST SIDE, PLLC DBA CITYMD U","288 FLATBUSH AVE City Medical of Pros, BROOKLYN, NY 11217",1487061206
437,CITY MEDICAL OF UPPER EAST SIDE,"288 FLATBUSH AVE, BROOKLYN, NY 11217",1255742342
438,OUR LADY OF MERCY/ER PHYSICIANS,"29 W 34TH ST FL 4, NEW YORK, NY 10001",1669412847
439,"CITY MEDICAL OF UPPER EAST SIDE, PLLC DBA CITYMD U","2902 3RD AVE City Medical -The Hu, BRONX, NY 10455",1063926129
440,CITY MED OF UPPER E SIDE,"2902 3RD AVE, BRONX, NY 10455",1063926129
441,GRAMERCY PARK URGENT CARE,"291 3RD AVE, NEW YORK, NY 10010",1285975797
442,THROGGS NECK WALK IN CARE,"2911 BARKLEY AVE, BRONX, NY 10465",1134137573
443,GEORGE SAFRAN MD,"2925 KINGS HWY, BROOKLYN, NY 11229",1487983516
444,BULLS HEAD URGENT CARE,"2960 VICTORY BLVD, STATEN ISLAND, NY 10314",1285975797
445,MINUTECLINIC DIAGNOSTICS OF NEW YORK,"3 COLUMBUS CIR, NEW YORK, NY 10019",1366535494
446,MT. SINAI BROOKLYN HEIGHTS URGENT,"300 CADMAN PLZ W 18TH FLOOR, BROOKLYN, NY 11201",1760733190
447,FPA URGENT CARE CENTER,"300 CADMAN PLZ W, BROOKLYN, NY 11201",1124392238
448,MT SINAI BROOKLYN HEIGHTS URGENT CARE,"300 CAMDAN AVE, BROOKLYN, NY 11201",1760733190
449,NYU LANGONE ORTHOPEDIC HOSPITAL,"301 E 17TH ST, NEW YORK, NY 10003",1275632895
450,STATCARE URGENT & WALKIN MED,"308 GRAHAM AVE, BROOKLYN, NY 11211",1336426667
451,JAMAICA HOSPITAL/ER DEPT,"3080 ATLANTIC AVE, BROOKLYN, NY 11208",1477505220
452,NEW YORK EYE & EAR INFIRMARY,"310 E 14TH ST, NEW YORK, NY 10003",1245251222
453,MINUTECLINIC DIAGNOSTICS OF NEW YORK,"3101 DITMARS BLVD, ASTORIA, NY 11105",1366535494
454,"CITY MEDICAL OF UPPER EAST SIDE, PLLC DBA CITYMD U","3111 STEINWAY ST City Medical of Asto, ASTORIA, NY 11103",1972924835
455,CITY MEDICAL OF UPPER EAST SIDE,"3111 STEINWAY ST, ASTORIA, NY 11103",1033612437
456,"CITY MEDICAL OF UPPER EAST SIDE, PLLC DBA CITYMD U","315 W 57TH ST City Medical of Colu, NEW YORK, NY 10019",1205111846
457,CITY MD,"315 W 57TH ST, NEW YORK, NY 10019",1205111846
458,NYU LANGONE ORTHOPEDIC HOSPITAL,"318 E 23RD ST, NEW YORK, NY 10010",1669578324
459,CITY MEDICAL OF UPPER EAST SIDE,"32 WESTCHESTER SQ, BRONX, NY 10461",1033612437
460,ESSEN MED URGICARE PLLC,"3200 GRAND CONCOURSE, BRONX, NY 10458",1841607298
461,MOUNT SINAI BETH ISRAEL BROOKLYN,"3201 KINGS HWY, BROOKLYN, NY 11234",1174768071
462,BRONX LEBANON HSP/EM DEPT,"3224 GRAND CONCOURSE, BRONX, NY 10458",1669729117
463,DWELL FAMILY DOCTOR,"3231 E TREMONT AVE, BRONX, NY 10461",1134137573
464,NYU LANGONE ORTHOPEDIC HOSPITAL,"324 E 23RD ST, NEW YORK, NY 10010",1669578324
465,KINGS HIGHWAY MEDICAL OFFICE,"3245 NOSTRAND AVE, BROOKLYN, NY 11229",1861654352
466,S I URGENT CARE PC,"326 E 149TH ST, BRONX, NY 10451",1467826594
467,ST JOHNS EPISCOPAL HOSPITAL,"327 BEACH 19TH ST, FAR ROCKAWAY, NY 11691",1346274537
468,ASTORIA URGENT MEDICAL CARE,"3274 STEINWAY ST A4578106, ASTORIA, NY 11103",1851686273
469,ASTORIA URGENT MEDICAL CARE,"3274 STEINWAY ST FL GROUND, ASTORIA, NY 11103",1851686273
470,UNION SQUARE URGENT MEDICAL CARE,"3274 STEINWAY ST, ASTORIA, NY 11103",1457614265
471,NYU LANGONE ORTHOPEDIC HOSPITAL,"33 E B16-C16 ST, NEW YORK, NY 10016",1669578324
472,SUNY DOWNSTATE MED CENTER,"33 W 42ND ST, NEW YORK, NY 10036",1205868528
473,CITY MED OF UPPER E SIDE,"330 7TH AVE, NEW YORK, NY 10001",1023673217
474,CARROLL GARDENS URGENT CARE,"330 COURT ST, BROOKLYN, NY 11231",1285975797
475,SUNY DOWNSTATE MED CENTER,"330 HICKS ST, BROOKLYN, NY 11201",1205868528
476,MEDRITE URGENT CARE,"330 W 42ND ST, NEW YORK, NY 10036",1316452568
477,"CITY MEDICAL OF UPPER EAST SIDE, PLLC DBA CITYMD U","331 AVENUE OF THE AMERICAS City Medical of West, NEW YORK, NY 10014",1922530435
478,CITY MEDICAL OF UPPER EAST SIDE,"331 AVENUE OF THE AMERICAS, NEW YORK, NY 10014",1255742342
479,SOUND EMERGENCY PHYSICIANS  DBA: ERDOX,"331 KINGS HWY, BROOKLYN, NY 11223",1114011210
480,CITYMD URGENT CARE,"3311 STEINWAY ST, ASTORIA, NY 11103",1255742342
481,AFC URGENT CARE,"332 E 149TH ST, BRONX, NY 10451",1497159560
482,NYU LANGONE ORTHOPEDIC HOSPITAL,"333 E 38TH ST, NEW YORK, NY 10016",1669578324
483,"CITY MEDICAL OF UPPER EAST SIDE, PLLC DBA CITYMD U","336 E 86TH ST City Medical of Uppe, NEW YORK, NY 10028",1730491945
484,CITY MEDICAL OF UPPER EAST SIDE,"336 E 86TH ST, NEW YORK, NY 10028",1255742342
485,NYU LANGONE ORTHOPEDIC HOSPITAL,"339 E 38TH ST # 1, NEW YORK, NY 10016",1669578324
486,SUNY DOWNSTATE MED CENTER,"339 HICKS ST FL 3, BROOKLYN, NY 11201",1205868528
487,NYU EMERGENCY MEDICI NE ASSOCIACIAT,"339 HICKS ST, BROOKLYN, NY 11201",1306837398
488,GEORGE SAFRAN MD,"341 9TH ST, BROOKLYN, NY 11215",1487983516
489,STATCARE URGENT & WALKIN MED,"341 EASTERN PKWY, BROOKLYN, NY 11216",1336426667
490,NORTH CENTRAL BRONX HOSPITAL,"3424 KOSSUTH AVE RM 1B01, BRONX, NY 10467",1023024882
491,KINGS COUNTY HOSPITAL-PROF FEE,"3424 KOSSUTH AVE, BRONX, NY 10467",1043224355
492,HEWLETT URGENT CARE PLLC DBA URGENT,"3448 NOSTRAND AVE, BROOKLYN, NY 11229",1013252055
493,MIDTOWN MEDICAL,"345 E 37TH ST, NEW YORK, NY 10016",1699073007
494,"CITY MEDICAL OF UPPER EAST SIDE, PLLC DBA CITYMD U","345 W 42ND ST City Medical of West, NEW YORK, NY 10036",1548637937
495,CITY MEDICAL OF UPPER EAST SIDE,"345 W 42ND ST, NEW YORK, NY 10036",1255742342
496,PARK SLOPE EMERGENCY PHYS SVC,"347 STOCKHOLM ST, BROOKLYN, NY 11237",1043251390
497,PROHEALTH URGENT CARE MEDICINE,"348 E 23RD ST, NEW YORK, NY 10010",1285975797
498,PROHEALTH URGENT CARE MEDICINE,"348 W 23RD ST, NEW YORK, NY 10011",1285975797
499,SUNY DOWNSTATE MED CENTER,"349 HENRY ST FL 3, BROOKLYN, NY 11201",1205868528
500,CITYMD URGENT CARE,"3494 JEROME AVE, BRONX, NY 10467",1649899832
501,SUNY DOWNSTATE MED CENTER,"350 5TH AVE, BROOKLYN, NY 11215",1205868528
502,SUNY DOWNSTATE MED CENTER,"350 HENRY ST FL 2, BROOKLYN, NY 11201",1205868528
503,QUEENS HOSPITAL CENTER,"350 LINWOOD ST, BROOKLYN, NY 11208",1710105200
504,FLUSHING HOSP MED CTR/PROF FEES,"3506 PARSONS BLVD, FLUSHING, NY 11354",1730213877
505,QUICK SOLVE MED URGE NT CARE PLLC,"3508 JUNCTION BLVD, CORONA, NY 11368",1124417134
506,NYHMCQ EMERGENCY PRACTICE PLAN,"3511 FARRINGTON ST, FLUSHING, NY 11354",1013960962
507,PARCARE COMMUNITY HEALTH NETWORK,"3525 BAYCHESTER AVE 1, BRONX, NY 10466",1730454083
508,RICHMOND UNIVERSITY MEDICAL CENTER,"355 BARD AVE, STATEN ISLAND, NY 10310",1174835268
509,URGENT CARE WESTSIDE,"355 W 52ND ST, NEW YORK, NY 10019",1285826438
510,"CITY MEDICAL OF UPPER EAST SIDE, PLLC DBA CITYMD U","3556 BROADWAY City Medical of West, NEW YORK, NY 10031",1962868372
511,CITY MEDICAL OF UPPER EAST SIDE,"3556 BROADWAY, NEW YORK, NY 10031",1255742342
512,CITY MEDICAL OF UPPER EAST SIDE,"356 W 125TH ST, NEW YORK, NY 10027",1033612437
513,PRO-HEALTH URGENT CARE,"358 ARDEN AVE, STATEN ISLAND, NY 10312",1285975797
514,NYU LANGONE ORTHOPEDIC HOSPITAL,"359 2ND AVE, NEW YORK, NY 10010",1669578324
515,THROGGS NECK WALK IN CARE,"3594 E TREMONT AVE, BRONX, NY 10465",1134137573
516,ST LUKES ROOSEVELT HOSP CTR FOR COMPREHENSIVE CARE,"36 7TH AVE FL 2, NEW YORK, NY 10011",8888888888
517,NYU LANGONE HOSPITALS TISCH,"363 HICKS ST, BROOKLYN, NY 11201",1801992631
518,NORTHWELL HEALTH GOHEALTH URGENT CARE,"365 FLATBUSH AVE, BROOKLYN, NY 11238",1033536297
519,MODERN MD URGENT CARE,"366 KNICKERBOCKER AVE, BROOKLYN, NY 11237",1932590601
520,NORTH SHORE - LIJ URGENT CARE,"37 01 BROADWAY, ASTORIA, NY 11103",9999999999
521,STATCARE URGENT & WALKIN MED,"37 15 23RD AVE, ASTORIA, NY 11105",1336426667
522,"CITY MEDICAL OF UPPER EAST SIDE, PLLC DBA CITYMD U","37 W 23RD ST City Medical of Flat, NEW YORK, NY 10010",1962787507
523,CITY MEDICAL OF UPPER EAST SIDE,"37 W 23RD ST, NEW YORK, NY 10010",1255742342
524,NORTHWELL HEALTH GOHEALTH URGENT CARE,"3701 BROADWAY, ASTORIA, NY 11103",1033536297
525,MOUNT SINAI DOCTORS JACKSON HEIGHTS,"3712 82ND ST, JACKSON HEIGHTS, NY 11372",1942543889
526,JPR URGENT MEDICAL CARE,"3715 23RD AVE, ASTORIA, NY 11105",1114172848
527,STATCARE URGENT & WALKIN MEDICAL CARE PLLC,"3715 23RD ST, LONG ISLAND CIT, NY 11101",1336426667
528,CITY MEDICAL OF UPPER EAST SIDE,"3726 JUNCTION BLVD, CORONA, NY 11368",1033612437
529,NYHMCQ EMERGENCY PRACTICE PLAN,"374 STOCKHOLM ST, BROOKLYN, NY 11237",1013960962
530,PHYSICIANS OF UNIV HOSP-EMERG MED,"375 SEGUINE AVE, STATEN ISLAND, NY 10309",1417901323
531,RH MEDICAL PROFESSIONAL PLLC,"3750 3RD AVE Apt B, BRONX, NY 10456",1578098521
532,RH MEDICAL PROFESSIONAL,"3750B 3RD AVE, BRONX, NY 10456",1578098521
533,CITYMD URGENT CARE,"3780 E TREMONT AVE, BRONX, NY 10465",1649899832
534,GEORGE SAFRAN MD,"38 E 32ND ST Fl 9, NEW YORK, NY 10016",1487983516
535,MEDRITE MEDICAL CARE,"380 2ND AVE, NEW YORK, NY 10010",1386954055
536,HEALTH CHECK,"380 88TH ST, BROOKLYN, NY 11209",1063636504
537,SUNY DOWNSTATE MED CENTER,"380 HENRY ST, BROOKLYN, NY 11201",1205868528
538,BIG APPLE MED URGENT CARE PPLC,"3805 CHURCH AVE, BROOKLYN, NY 11203",1932648482
539,BP IMMEDIATE MEDICAL CARE,"3808 14TH AVE, BROOKLYN, NY 11218",1205105004
540,SUNY DOWNSTATE MED CENTER,"3839 FLATLANDS AVE, BROOKLYN, NY 11234",1205868528
541,METRO URGICARE,"387 BEDFORD PARK BLVD Ste A, BRONX, NY 10458",1841607298
542,ESSEN MEDICAL URGICARE PLLC DBA METRO URGICARE PLL,"387 BEDFORD PARK BLVD Suite A, BRONX, NY 10458",1841607298
543,ESSEN MEDICAL URGICARE PLLC,"387 BEDFORD PARK BLVD, BRONX, NY 10458",1841607298
544,"CITY MEDICAL OF UPPER EAST SIDE, PLLC DBA CITYMD U","388 E FORDHAM RD City Medical of Ford, BRONX, NY 10458",1235686437
545,CITY MED OF UPPER E SIDE,"388 E FORDHAM RD, BRONX, NY 10458",1235686437
546,ELTINGVILLE URGENT CARE,"3894 RICHMOND AVE, STATEN ISLAND, NY 10312",1285975797
547,PROHEALTH URGENT CARE MEDICINE PLLC,"3894 URGENT CARE ELTINGVILLE, STATEN ISLAND, NY 10312",1285975797
548,COLUMBIADOCTORS - AS SOC EMERG SERV,"3959 BROADWAY, NEW YORK, NY 10032",1699289488
549,"CITY MEDICAL OF UPPER EAST SIDE, PLLC DBA CITYMD U","399 KNICKERBOCKER AVE City Medical of Bush, BROOKLYN, NY 11237",1275054678
550,CITY MEDICAL OF UPPER EAST SIDE,"399 KNICKERBOCKER AVE, BROOKLYN, NY 11237",1255742342
551,SUNY DOWNSTATE MED CENTER,"40 W BRIGHTON AVE STE 103, BROOKLYN, NY 11224",1205868528
552,TAKE CARE MED HLTH NY PC,"40 WALL ST, NEW YORK, NY 10005",1083814974
553,QUEENS HOSPITAL CENTER,"400 IRVING AVE, BROOKLYN, NY 11237",1710105200
554,MED ONE CARE LLC,"4008 BOSTON RD, BRONX, NY 10475",1497925291
555,PHYSICIANS OF UNIV HOSP-EMERG MED,"401 SEAVIEW AVE, STATEN ISLAND, NY 10305",1417901323
556,NORTH SHORE LIJ URGENT CARE,"402-29 QUEENS BLVD, FOREST HILLS, NY 11375",1679970891
557,HEMPSTEAD MAIN MEDICAL CENTER,"408 77TH ST LOWR LEVEL, BROOKLYN, NY 11209",1073648705
558,HEMPSTEAD MAIN MEDICAL,"408 77TH ST, BROOKLYN, NY 11209",1073648705
559,CROSS ISLAND MEDICAL LLC,"408 7TH AVE, BROOKLYN, NY 11215",1285290775
560,NORTH SHORE - LIJ URGENT CARE,"41 19 BELL BLVD, BAYSIDE, NY 11361",9999999999
561,NORTHWELL HEALTH GOHEALTH URGENT CARE,"41 E 8TH ST, NEW YORK, NY 10003",1033536297
562,NORTH SHORE-LIJ URGENT CARE,"41-19 BELL BLVD, ASTORIA, NY 11103",1679970891
563,MARINE PARK URGENT CARE,"4108 AVENUE U, BROOKLYN, NY 11234",1285975797
564,NORTHWELL HEALTH GOHEALTH URGENT CARE,"4119 BELL BLVD, BAYSIDE, NY 11361",1033536297
565,MOUNT SINAI ELMHURST FCLTY PRAC G,"4160 MAIN ST STE 201, FLUSHING, NY 11355",1255375986
566,"LANDMARK ENDOSCOPY, P.C.","4160 MAIN ST, FLUSHING, NY 11355",1992055065
567,CITY MEDICAL OF UPPER EAST SIDE PLLC,"418 5TH AVE # 420, BROOKLYN, NY 11215",1730491945
568,"CITY MEDICAL OF UPPER EAST SIDE, PLLC DBA CITYMD U","418 5TH AVE City Medical of Park, BROOKLYN, NY 11215",1609148733
569,CITY MEDICAL OF UPPER EAST SIDE,"418 5TH AVE, BROOKLYN, NY 11215",1255742342
570,CITYMD URGENT CARE,"418420 5TH AVE, BROOKLYN, NY 11215",1649899832
571,SUNY DOWNSTATE MED CENTER,"42 BROADWAY STE 1530, NEW YORK, NY 10004",1205868528
572,CHAI URGENT CARE,"420 KENT AVE, BROOKLYN, NY 11249",1205105004
573,"CITY MEDICAL OF UPPER EAST SIDE, PLLC DBA CITYMD U","4201 BELL BLVD City Medical of Bays, BAYSIDE, NY 11361",1063925535
574,CITY MED OF UPPER E SIDE,"4201 BELL BLVD, BAYSIDE, NY 11361",1063925535
575,MOONLIGHT PEDIATRICS,"4248 WHITE PLAINS RD, BRONX, NY 10466",1285768598
576,WMC CORNELL EMERGENCY PHYSICIANS,"425 E 61ST ST FL 4, NEW YORK, NY 10065",1205882586
577,WESTERN NY IMMEDIATE MED CARE,"4256 BRONX BLVD, BRONX, NY 10466",1316014491
578,WMC CORNELL EMERGENCY PHYSICIANS,"428 E 72ND ST STE 100, NEW YORK, NY 10021",1205882586
579,HOSPITAL FOR SPECIAL SURGERY,"429 E 75TH ST, NEW YORK, NY 10021",1184038663
580,NORTHWELL HEALTH GOHEALTH URGENT CARE,"4316 AMBOY RD, STATEN ISLAND, NY 10312",1033536297
581,SUNY DOWNSTATE MED CENTER,"432 BEDFORD AVE, BROOKLYN, NY 11249",1205868528
582,MODERNMD URGENT CARE,"436 UTICA AVE, BROOKLYN, NY 11203",1932590601
583,MODERN MD URGENT CARE,"436 UTICA AVE, BROOKLYN, NY 11213",1932590601
584,DOCTOR URGENT CARE MED,"44 SHERMAN AVE, NEW YORK, NY 10040",1881115822
585,ST. LUKE'S ROOSEVELT HOSPITAL MORNINGSIDE CLINIC,"440 W 114TH ST, NEW YORK, NY 10025",1104982917
586,MOONLIGHT PEDIATRICS,"4403 15TH AVE, BROOKLYN, NY 11219",1285768598
587,QUARRY ROAD EMERGENCY SVCS,"4422 3RD AVE, BRONX, NY 10457",1134238199
588,DOWNTOWN BRONX MEDICAL ASSOC,"4422 BRONXDALE AVE, BRONX, NY 10457",1689618407
589,CENTERS URGENT CARE,"4426 18TH AVE, BROOKLYN, NY 11204",1275936932
590,SUNY UNIVERSITY HOSPITAL BROOKLYN,"445 LENOX RD # 71, BROOKLYN, NY 11203",1386942555
591,SUNY DOWNSTATE MED CENTER,"445 LENOX RD # MSC3, BROOKLYN, NY 11203",1205868528
592,UNIVERSITY HSP OF BROOKLYN,"445 LENOX RD, BROOKLYN, NY 11203",1285693275
593,COMMUNITY URGENT CARE,"445 PARK AVE, BROOKLYN, NY 11205",1295001576
594,ST BARNABAS HOSPITAL,"4487 3RD AVE, BRONX, NY 10457",1548367873
595,KINGS COUNTY HOSPITAL-PROF FEE,"450 CLARKSON AVE # 1196, BROOKLYN, NY 11203",1043224355
596,SUNY DOWNSTATE MED CENTER,"450 CLARKSON AVE STE B4-333, BROOKLYN, NY 11203",1205868528
597,KINGSBROOK MEDICAL ASSOCIATES,"450 CLARKSON AVE, BROOKLYN, NY 11203",1104112838
598,SUNY DOWNSTATE MED CENTER,"450 PACIFIC ST, BROOKLYN, NY 11217",1205868528
599,FLUSHING HOSP MED CTR/PROF FEES,"4500 PARS0NS BLVD, FLUSHING, NY 11355",1730213877
600,NY FLUSHING HOSPITAL-MEDICAL C,"4500 PARSONS BLVD # 5, FLUSHING, NY 11355",1154461622
601,JAMAICA HOSPITAL/ER DEPT,"4500 PARSONS BLVD STE ACC, FLUSHING, NY 11355",1477505220
602,FLUSHING HOSPITAL MEDICAL CENTER,"4500 PARSONS BLVD STE CDU, FLUSHING, NY 11355",1548217763
603,FLUSHING HOSPITAL MEDICAL CENTER,"4500 PARSONS BLVD, FLUSHING, NY 11355",1154461622
604,UNION MEDICAL CARE,"4502 13TH AVE, BROOKLYN, NY 11219",1184066698
605,ST BARNABAS HOSPITAL,"4507 3RD AVE, BRONX, NY 10457",1548367873
606,KINGS COUNTY HOSPITAL-PROF FEE,"451 CLARKSON AVE # 183, BROOKLYN, NY 11203",1043224355
607,NORTH CENTRAL BRONX HOSPITAL,"451 CLARKSON AVE, BROOKLYN, NY 11203",1023024882
608,UNIVERSITY HOSPITAL OF BROOKLYN,"455 LENOX RD, BROOKLYN, NY 11203",1285693275
609,"CITY MEDICAL OF UPPER EAST SIDE, PLLC DBA CITYMD U","457 ATLANTIC AVE City Medical of Boer, BROOKLYN, NY 11217",1588005284
610,CITY MEDICAL OF UPPER EAST SIDE,"457 ATLANTIC AVE, BROOKLYN, NY 11217",1255742342
611,NY FLUSHING HOSPITAL-MEDICAL C,"45TH AVE & PARSONS BLVD, FLUSHING, NY 11355",1154461622
612,SUNY DOWNSTATE MED CENTER,"460 LENOX RD, BROOKLYN, NY 11203",1205868528
613,BELLEVUE HOSPITAL CENTER,"462 1ST AVE A3919746, NEW YORK, NY 10016",1073535027
614,KINGS COUNTY HOSPITAL-PROF FEE,"462 1ST AVE, NEW YORK, NY 10016",1043224355
615,RJ MEDICAL AND URGENT CARE,"464 BAY RIDGE AVE A, BROOKLYN, NY 11220",1346632262
616,RJ MEDICAL & URGENT CARE,"464 BAY RIDGE AVE Ste A, BROOKLYN, NY 11220",1346632262
617,RJ MEDICAL AND URGENT CARE PLLC,"464 BAY RIDGE AVE Suite A, BROOKLYN, NY 11220",1346632262
618,RJ MEDICAL AND URGEN T CARE,"464 BAY RIDGE AVE, BROOKLYN, NY 11220",1346632262
619,SUNY DOWNSTATE MED CENTER,"470 CLARKSON AVE # B4-333, BROOKLYN, NY 11203",1205868528
620,SUNY DOWNSTATE MED CENTER,"470 CLARKSON AVE RMALL1369, BROOKLYN, NY 11203",1205868528
621,SUNY UNIVERSITY HOSPITAL BROOKLYN,"470 CLARKSON AVE STE I, BROOKLYN, NY 11203",1386942555
622,DOWNSTATE ACUTE CARE RECEIVING CTR,"470 CLARKSON AVE, BROOKLYN, NY 11203",1699006148
623,MMC GERIATRIC MEDICINE FPP,"4721 FORT HAMILTON PKWY, BROOKLYN, NY 11219",1831203132
624,CITYMD URGENT CARE OF SUNNYSIDE,"4724 GREENPOINT AVE, SUNNYSIDE, NY 11104",1730491945
625,STATEN ISLAND UNIVERSITY HOSPITAL - NSLIJ,"475 SEAVIEW AVE, STATEN ISLAND, NY 10305",1164618161
626,ADVANTAGECARE ANNADALE MEDICAL OFFICE,"4771 HYLAN BLVD, STATEN ISLAND, NY 10312",1336578772
627,CITY MED OF UPPER E SIDE,"48 E 170TH ST, BRONX, NY 10452",1558961961
628,MAIMONIDES MEDICAL CENTER,"4802 10TH AVE, BROOKLYN, NY 11219",1083623144
629,MMC EMERGENCY PHYSICIANS FPP,"4802 1OTH AVE, BROOKLYN, NY 11219",1982708202
630,LONG ISLAND MEDICAL ARTS,"4902 QUEENS BLVD, WOODSIDE, NY 11377",1124499157
631,JOSEF SCHENKER MD PC,"4915 10TH AVE, BROOKLYN, NY 11219",1275936932
632,MOUNT SINAI ELMHURST FCLTY PRAC G,"5 E 98TH ST FL 2, NEW YORK, NY 10029",1255375986
633,MT SINAI HOSPITAL- JOSEPH H HAZAN AMB CARDIAC CARE,"5 E 98TH ST, NEW YORK, NY 10029",9999999999
634,CITY MEDICAL OF UPPER EAST SIDE,"5 PENN PLZ, NEW YORK, NY 10001",1255742342
635,"CITY MEDICAL OF UPPER EAST SIDE, PLLC DBA CITYMD U","5 PENNSYLVANIA PLZ City Medical of West, NEW YORK, NY 10001",1710491014
636,CITYMD URGENT CARE,"5 PENNSYLVANIA PLZ, NEW YORK, NY 10001",1255742342
637,PHYSICIANS OF UNIV HOSP-EMERG MED,"501 SEAVIEW AVE STE 104, STATEN ISLAND, NY 10305",1417901323
638,ESSEN MEDICAL URGICARE PLLC DBA METRO URGICARE,"502 E TREMONT AVE, BRONX, NY 10457",1841607298
639,CITY MEDICAL OF UPPER EAST SIDE,"5024 5TH AVE, BROOKLYN, NY 11220",1033612437
640,ICAHN SCHOOL OF MEDICINE AT MOUNT SINAI DBA FPA UR,"5030 BROADWAY AT 12TH ST, NEW YORK, NY 10034",1124392238
641,FPA URGENT CARE CENTER,"5030 BROADWAY, NEW YORK, NY 10034",1124392238
642,MEDRITE URGENT CARE,"504 MYRTLE AVE, BROOKLYN, NY 11205",1386954055
643,WMC CORNELL EMERGENCY PHYSICIANS,"505 E 70TH ST FL 5, NEW YORK, NY 10021",1205882586
644,MOUNT SINAI ELMHURST FCLTY PRAC G,"5053 NEWTOWN RD, WOODSIDE, NY 11377",1255375986
645,PARK SLOPE EMERGENCY PHYS SVC,"506 6TH ST, BROOKLYN, NY 11215",1043251390
646,NORTH CENTRAL BRONX HOSPITAL,"506 MALCOLM X BLVD, NEW YORK, NY 10037",1023024882
647,TRUSTEES COLUMBIA - ER,"51 W 51ST ST STE 370, NEW YORK, NY 10019",1699289488
648,TRUSTEES COLUMBIA - ER (PEDS),"51 W 51ST ST STE 375, NEW YORK, NY 10019",1699289488
649,PENINSULA MEDICAL SVCS,"5105 BEACH CHANNEL DR, FAR ROCKAWAY, NY 11691",1609095280
650,PENINSULA MEDICAL SVCS,"5115 BEACH CHANNEL DR, FAR ROCKAWAY, NY 11691",1609095280
651,PENINSULA HOSP HLTH AND WELL CTR AT BEACH CHAN HS,"5116 BEACH CHANNEL DR, FAR ROCKAWAY, NY 11691",1528258407
652,BHMA URGENT CARE,"514 FULTON ST, BROOKLYN, NY 11201",1508959743
653,NEW YORK PRESBYTERIAN ALLEN PAVILLI,"5141 BROADWAY, NEW YORK, NY 10034",1053520973
654,TAKE CARE MED HLTH NY PC,"52 E 14TH ST, NEW YORK, NY 10003",1083814974
655,WMC CORNELL EMERGENCY PHYSICIANS,"520 E 70TH ST STARR 341, NEW YORK, NY 10021",1205882586
656,UNION MEDICAL CARE,"520 MAIN ST, NEW YORK, NY 10044",1184066698
657,MODERN MD URGENT CARE,"5202 5TH AVE, BROOKLYN, NY 11220",1932590601
658,181ST STREET MEDICAL,"521 W 181ST ST, NEW YORK, NY 10033",1922345768
659,TRUSTEES COLUMBIA - ER (PEDS),"525 E 68TH ST BAKER 16, NEW YORK, NY 10065",1699289488
660,NYP-WEILL CORNELL,"525 E 68TH ST, NEW YORK, NY 10065",1073765566
661,"ATLANTIC URGENT CARE, P.C.","528 PROSPECT PL SUITE B., BROOKLYN, NY 11238",1740521046
662,FLUSHING HOSP MED CTR/PROF FEES,"5314 ROOSEVELT AVE STE 301, WOODSIDE, NY 11377",1730213877
663,BP IMMEDIATE MEDICAL CARE,"5322 AVENUE N, BROOKLYN, NY 11234",1205105004
664,LIC URGENT MEDICAL CARE P.C,"535 50TH AVE, LONG ISLAND CIT, NY 11101",1245605849
665,HEMPSTEAD MAIN MEDICAL CENTER,"535 8TH AVE, NEW YORK, NY 10018",1073648705
666,HOSPITAL FOR SPECIAL SURGERY,"535 E 70TH ST, NEW YORK, NY 10021",1184038663
667,DOCTOR URGENT CARE MED,"538 E FORDHAM RD, BRONX, NY 10458",1881115822
668,METRO URGICARE,"542 E 138TH ST Ste A, BRONX, NY 10454",9999999999
669,ESSEN MEDICAL URGICARE PLLC DBA METRO URGICARE,"542 E 138TH ST Suite A, BRONX, NY 10454",1841607298
670,"ESSEN MEDICAL URGICARE, PLLC","542 E 138TH ST, BRONX, NY 10454",1841607298
671,QUEENS HOSPITAL CENTER,"545 E 142ND ST, BRONX, NY 10454",1710105200
672,NORTH SHORE- LIJ URGENT CARE,"55 05 MYRTLE AVE, RIDGEWOOD, NY 11385",9999999999
673,KINGSBROOK MEDICAL ASSOCIATES,"550 1ST AVE, NEW YORK, NY 10016",1104112838
674,NORTHWELL HEALTH GOHEALTH URGENT CARE,"5505 MYRTLE AVE, RIDGEWOOD, NY 11385",1033536297
675,DIVINITY MED SRVCS PLLC,"5546 BROADWAY, BRONX, NY 10463",1275026635
676,UNION MEDICAL CARE,"555 LEFFERTS AVE, BROOKLYN, NY 11225",1184066698
677,NYU LANGONE TISCH CENTER FOR MEN'S HEALTH,"555 MADISON AVE, NEW YORK, NY 10022",1285826438
678,FLUSHING HOSPITAL MEDICAL CENTER,"555 ROCKAWAY PKWY, BROOKLYN, NY 11212",1548217763
679,SUNY DOWNSTATE MED CENTER,"557 PENNSYLVANIA AVE, BROOKLYN, NY 11207",1205868528
680,NYHMCQ EMERGENCY PRACTICE PLAN,"56 45 MAIN ST, FLUSHING, NY 11355",1013960962
681,NYU EMERGENCY MEDIC ICNE ASSOCIATES,"560 1ST AVE, NEW YORK, NY 10016",1306837398
682,ASSOCIATES IN EMERGENCY SERVICES,"560 MALCOLM X BLVD, NEW YORK, NY 10037",1073524369
683,"CITY MEDICAL OF UPPER EAST SIDE, PLLC DBA CITYMD U","561 3RD AVE City Medical of Murr, NEW YORK, NY 10016",1013342104
684,CITY MEDICAL OF MURRAY HILL,"561 3RD AVE, NEW YORK, NY 10016",1013342104
685,NYHMCQ EMERGENCY PRACTICE PLAN,"5645 MAIN ST, FLUSHING, NY 11355",1013960962
686,GEORGE SAFRAN MD,"565 W 235TH ST, BRONX, NY 10463",1487983516
687,ESSEN MEDICAL URGICARE PLLC D/B/A METRO URGICARE,"5665 RIVERDALE AVE APT BRO, BRONX, NY 10471",1841607298
688,DWELL FAMILY DOCTOR,"5665 RIVERDALE AVE, BRONX, NY 10471",1134137573
689,CITY MEDICAL OF UPPER EAST SID,"571 E 138TH ST, BRONX, NY 10454",1730491945
690,NYU LANGONE HOSPITAL BROOKLYN,"5718 2ND AVE, BROOKLYN, NY 11220",1619341716
691,PM PEDIATRICS,"5740 BROADWAY UNIT E, BRONX, NY 10463",1073645180
692,PM PEDIATRICS OF BAYSIDE PLLC,"5740 BROADWAY Unite E, BRONX, NY 10463",1861700353
693,PM PEDIATRICS OF SELDEN PLLC,"5740 BROADWAY, BRONX, NY 10463",1790914042
694,WMC CORNELL EMERGENCY PHYSICIANS,"575 LEXINGTON AVE STE 540, NEW YORK, NY 10022",1205882586
695,NORTH SHORE - LIJ URGENT CARE,"58 28 99TH ST, CORONA, NY 11368",9999999999
696,NORTHWELL HEALTH GOHEALTH URGENT CARE,"5828 99TH ST, CORONA, NY 11368",1033536297
697,KINGSBROOK MEDICAL ASSOCIATES,"585 SCHENECTADY AVE, BROOKLYN, NY 11203",1104112838
698,KINGSBROOK MEDICAL ASSOCIATES,"586 SCHENECTADY AVE, BROOKLYN, NY 11203",1104112838
699,MOONLIGHT PEDIATRICS PC,"5902 18TH AVE, BROOKLYN, NY 11204",1285768598
700,MOONLIGHT PEDIATRICS,"5920 18TH AVE, BROOKLYN, NY 11204",1285768598
701,MOONLIGHT PEDIATRICS,"5922 18TH AVE, BROOKLYN, NY 11204",1285768598
702,ESSEN MEDICAL URGICARE PLLC,"593 E TREMONT AVE, BRONX, NY 10457",1841607298
703,OUR LADY OF MERCY/ER PHYSICIANS,"600 E 233RD ST, BRONX, NY 10466",1669412847
704,QUALITY FIRST MEDICAL CARE,"6010 BAY PKWY 902, BROOKLYN, NY 11204",1104163641
705,QUALITY FIRST MED CARE PLLC,"6010 BAY PKWY STE 901, BROOKLYN, NY 11204",1104163641
706,QUALITY FIRST URGENT CARE,"6010 BAY PKWY Suite 902, BROOKLYN, NY 11204",1104163641
707,"QUALITY FIRST MEDICAL CARE, PLLC","6010 BAY PKWY, BROOKLYN, NY 11204",1104163641
708,JOSEF SCHENKER MD PC DBA CENTER URGENT CARE,"61 22 FRESH POND RD, MIDDLE VILLAGE, NY 11379",1275936932
709,SUNY DOWNSTATE MED CENTER,"610 HENRY ST, BROOKLYN, NY 11231",1205868528
710,"CITY MEDICAL OF UPPER EAST SIDE, PLLC DBA CITYMD U","6118 188TH ST City Medical of Fres, FRESH MEADOWS, NY 11365",1699150789
711,CITY MEDICAL OF UPPER EAST SIDE,"6118 188TH ST, FRESH MEADOWS, NY 11365",1255742342
712,CENTERS URGENT CARE,"6122 FRESH POND RD Apt G, MIDDLE VILLAGE, NY 11379",1275936932
713,JOSEF SCHENKER MD PC,"6122 FRESH POND RD, MIDDLE VILLAGE, NY 11379",1275936932
714,CENTERS URGENT CARE,"6122G FRESH POND RD, MIDDLE VILLAGE, NY 11379",1275936932
715,SUNY DOWNSTATE MED CENTER,"613 THROOP AVE, BROOKLYN, NY 11216",1205868528
716,NYU LANGONE ORTHOPEDIC HOSPITAL,"614 2ND AVE, NEW YORK, NY 10016",1669578324
717,SUNY DOWNSTATE MED CENTER,"615 AVENUE C, BROOKLYN, NY 11218",1205868528
718,"CITY MEDICAL OF UPPER EAST SIDE, PLLC DBA CITYMD U","617 W 181ST ST City Medical of West, NEW YORK, NY 10033",1790200871
719,CITY MEDICAL OF UPPER EAST SIDE,"617 W 181ST ST, NEW YORK, NY 10033",1033612437
720,CITY MD URGENT CARE,"617 W 191ST ST, NEW YORK, NY 10040",1730491945
721,METRO UGNT MED CR OF BRKL,"619 THROOP AVE UNIT B, BROOKLYN, NY 11216",1497147748
722,METRO URGENT MEDI CA RE BROO PLLC,"619 THROOP AVE, BROOKLYN, NY 11216",1497147748
723,ASSOCIATES IN EMERGENCY SERVICES,"622 W 168TH ST PH 1-137, NEW YORK, NY 10032",1073524369
724,TRUSTEES COLUMBIA - ER (PEDS),"622 W 168TH ST STE CVC3, NEW YORK, NY 10032",1699289488
725,NYP-COLUMBIA,"622 W 168TH ST, NEW YORK, NY 10032",1053520973
726,210 MJD PRECISION URGENT CARE,"625 ROCKAWAY PARK, ROCKAWAY PARK, NY 11694",1750712220
727,CENTERS URGENT CARE,"626 SHEEPSHEAD BAY RD, BROOKLYN, NY 11224",1275936932
728,BROOKLYN URGENT MEDICAL CARE P.C.,"633 DRIGGS AVE, BROOKLYN, NY 11211",1720405368
729,OUR LADY OF MERCY/ER PHYSICIANS,"633 E 233RD ST, BRONX, NY 10466",1669412847
730,KINGS COUNTY HOSPITAL-PROF FEE,"635 MADISON AVE FL 3, NEW YORK, NY 10022",1043224355
731,FPA URGENT CARE CENTER,"638 COLUMBUS AVE, NEW YORK, NY 10024",1124392238
732,ICAHN SCHOOL OF MEDICINE AT MOUNT SINAI DBA FPA UR,"638 COLUMBUS AVENUE AT 214TH ST, NEW YORK, NY 10034",1124392238
733,NEW YORK DOCTOR'S URGENT CARE,"65 W 13TH ST, NEW YORK, NY 10011",1104146158
734,CITY MEDICAL OF UPPER EAST SIDE,"654 BROADWAY, NEW YORK, NY 10012",1033612437
735,SUNY DOWNSTATE MED CENTER,"660 LOUISIANA AVE, BROOKLYN, NY 11239",1205868528
736,TAKE CARE MED HLTH NY PC,"661 8TH AVE, NEW YORK, NY 10036",1083814974
737,AMB MEDICAL SERVICES,"6655 FRESH POND RD, RIDGEWOOD, NY 11385",1568534766
738,COMMUNITY URGENT CARE,"667 MYRTLE AVE, BROOKLYN, NY 11205",1295001576
739,AMB MEDICAL SERVICES,"6686 FRESH POND RD, RIDGEWOOD, NY 11385",1568534766
740,SUNY DOWNSTATE MED CENTER,"669 92ND ST, BROOKLYN, NY 11228",1205868528
741,"CITY MEDICAL OF UPPER EAST SIDE, PLLC DBA CITYMD U","68 E 161ST ST City Medical of Yank, BRONX, NY 10451",1225560766
742,CITY MED OF UPPER E SIDE,"68 E 161ST ST, BRONX, NY 10451",1225560766
743,MODERN MD URGENT CARE,"68 GRAHAM AVE, BROOKLYN, NY 11206",1932590601
744,AG URGENT CARE,"681 FLATBUSH AVE, BROOKLYN, NY 11225",1992116701
745,EMPIRE URGENT CARE,"6817 BAY PKWY, BROOKLYN, NY 11204",1225394620
746,AMB MEDICAL SERVICES,"6823 FRESH POND RD, RIDGEWOOD, NY 11385",1568534766
747,AMB MEDICAL SERVICES,"6852 FRESH POND RD, RIDGEWOOD, NY 11385",1568534766
748,BENSONHURST URGENT CARE,"6906 18TH AVE, BROOKLYN, NY 11204",1265852800
749,PROHEALTH URGENT CARE MEDICINE,"6909 18TH AVE, BROOKLYN, NY 11204",1285975797
750,HEWLETT URGENT CARE PLLC,"6940 MAIN ST, FLUSHING, NY 11367",1013252055
751,PEDIATRIC URGENT CARE,"698 MANHATTAN AVE STE 2, BROOKLYN, NY 11222",1659444032
752,PEDIATRIC URGENT CARE PLLC,"698 MANHATTAN AVE Ste 2, BROOKLYN, NY 11222",1659444032
753,"PEDIATRIC URGENT CARE, PLLC","698 MANHATTAN AVE, BROOKLYN, NY 11222",1659444032
754,SUNY DOWNSTATE MED CENTER,"699 92ND ST, BROOKLYN, NY 11228",1205868528
755,KINGS COUNTY HOSPITAL-PROF FEE,"7 W 51ST ST FL 4, NEW YORK, NY 10019",1043224355
756,SUNY DOWNSTATE MED CENTER,"70 CLARKSON AVE STE G, BROOKLYN, NY 11226",1205868528
757,UNION MEDICAL CARE PLLC,"70 LEE AVE FL 2, BROOKLYN, NY 11211",1184066698
758,PRO-HEALTH URGENT CARE,"7001 AMBOY RD, STATEN ISLAND, NY 10307",1285975797
759,PM PEDIATRICS,"7020 AUSTIN ST, FOREST HILLS, NY 11375",1073645180
760,CITYMD URGENT CARE,"704 BRIGHTON BEACH AVE, BROOKLYN, NY 11235",1386132470
761,"CITY MEDICAL OF UPPER EAST SIDE, PLLC DBA CITYMD U","7049 AUSTIN ST City Medical of Fore, FOREST HILLS, NY 11375",1366869679
762,CITY MEDICAL OF UPPER EAST SIDE,"7049 AUSTIN ST, FOREST HILLS, NY 11375",1255742342
763,TAKE CARE MED HLTH NY PC,"711 3RD AVE, NEW YORK, NY 10017",1083814974
764,CITY MEDICAL OF UPPER EAST SIDE,"712 BRIGHTON BEACH AVE, BROOKLYN, NY 11235",1033612437
765,STATCARE URGENT & WALKIN MED,"715 9TH AVE STE A, NEW YORK, NY 10019",1336426667
766,MIDOCTOR URGENT CARE,"715 9TH AVE, NEW YORK, NY 10019",1205375557
767,CITY MEDICAL OF UPPER EAST SIDE PLLC,"7202 ROOSEVELT AVE, JACKSON HEIGHTS, NY 11372",1730491945
768,"CITY MEDICAL OF UPPER EAST SIDE, PLLC DBA CITYMD U","7302 ROOSEVELT AVE City Medical of Jack, JACKSON HEIGHTS, NY 11372",1255742342
769,CITY MD,"7302 ROOSEVELT AVE, JACKSON HEIGHTS, NY 11372",1255742342
770,NYHMCQ EMERGENCY PRACTICE PLAN,"7315 NORTHERN BLVD, JACKSON HEIGHTS, NY 11372",1013960962
771,CROSS ISLAND MEDICAL LLC,"7322 5TH AVE, BROOKLYN, NY 11209",1285290775
772,BP IMMEDIATE MEDICAL CARE,"735 BEDFORD AVE, BROOKLYN, NY 11205",1205105004
773,AMB MEDICAL SERVICES,"7401 MYRTLE AVE, RIDGEWOOD, NY 11385",1568534766
774,"CITY MEDICAL OF UPPER EAST SIDE, PLLC DBA CITYMD U","7425 GRAND AVE City Medical of Masp, ELMHURST, NY 11373",1790080430
775,CITY MEDICAL OF UPPER EAST SIDE,"7425 GRAND AVE, ELMHURST, NY 11373",1255742342
776,BN MEDICINE PC DBA ZOOM CARE 365,"752 SAINT NICHOLAS AVE, NEW YORK, NY 10031",1154976876
777,AI MED URGENT CARE PLLC,"76 BELMONT AVE, BROOKLYN, NY 11212",1619373214
778,KINGS COUNTY HOSPITAL-PROF FEE,"760 BROADWAY, BROOKLYN, NY 11206",1043224355
779,SUNY DOWNSTATE MED CENTER,"760 PARKSIDE AVE, BROOKLYN, NY 11226",1205868528
780,UNION MEDICAL CARE,"765 E 87TH ST, BROOKLYN, NY 11236",1184066698
781,CITY MED OF UPPER E SIDE,"780 E TREMONT AVE, BRONX, NY 10460",1932708773
782,FIRSTCARE,"7801 MYRTLE AVE, RIDGEWOOD, NY 11385",1275978967
783,COR CARE,"7823 METROPOLITAN AVE, MIDDLE VILLAGE, NY 11379",1245243997
784,KINGS COUNTY HOSPITAL-PROF FEE,"79 01 BROADWAY, ELMHURST, NY 11373",1043224355
785,ELMHURST HOSPITAL CENTER,"7901 BROADWAY H1309796, ELMHURST, NY 11373",1063426377
786,MOUNT SINAI ELMHURST FCLTY PRAC G,"7901 BROADWAY RM D1-41, ELMHURST, NY 11373",1255375986
787,NORTH CENTRAL BRONX HOSPITAL,"7901 BROADWAY, ELMHURST, NY 11373",1023024882
788,"CITY MEDICAL OF UPPER EAST SIDE, PLLC DBA CITYMD U","795 MANHATTAN AVE City Medical of Gree, BROOKLYN, NY 11222",1588020598
789,CITY MEDICAL OF UPPER EAST SIDE PLLC,"795 MANHATTAN AVE, BROOKLYN, NY 11222",1063937142
790,GEORGE SAFRAN MD,"7960 METROPOLITAN AVE, MIDDLE VILLAGE, NY 11379",1487983516
791,NYU MANHATTAN URGENT CARE,"8 PARK AVE, NEW YORK, NY 10016",1831549559
792,"CITY MEDICAL OF UPPER EAST SIDE, PLLC DBA CITYMD U","80 W 125TH ST City Medical of Harl, NEW YORK, NY 10027",1609263219
793,CITY MEDICAL OF UPPER EAST SIDE,"80 W 125TH ST, NEW YORK, NY 10027",1255742342
794,QUEENS HOSPITAL CENTER,"800 VAN SICLEN AVE, BROOKLYN, NY 11207",1710105200
795,URGENT CLINICS MEDICAL CARE THE WOODLAND,"8002 KEW GARDENS RD Ste 701, KEW GARDENS, NY 11415",1831510510
796,RYAN-WOMEN & CHILDREN'S HEALTH CENTER,"801 AMSTERDAM AVE, NEW YORK, NY 10025",1124347182
797,STATCARE URG WALK IN PLLC,"8010 NORTHERN BLVD, JACKSON HEIGHTS, NY 11372",1336426667
798,NORTH CENTRAL BRONX HOSPITAL,"80TH ST & 41ST AVE, ELMHURST, NY 11373",1023024882
799,CITY MED OF UPPER E SIDE,"812 FOREST AVE, STATEN ISLAND, NY 10310",1588208805
800,KINGS COUNTY HOSPITAL-PROF FEE,"82 68 164TH ST, JAMAICA, NY 11432",1043224355
801,COMMUNITY URGENT CARE,"820 SAINT ANNS AVE, BRONX, NY 10456",1295001576
802,HEMPSTEAD MAIN MEDICAL CENTER,"8202 KEW GARDENS RD, KEW GARDENS, NY 11415",1073648705
803,WE CARE WALK-IN MEDICAL SVC,"8212 151ST AVE, HOWARD BEACH, NY 11414",1154584936
804,NYC HEALTH + HOSPITALS/ QUEENS EXPRESSCARE,"8250 164TH ST, JAMAICA, NY 11432",1801803903
805,NORTH CENTRAL BRONX HOSPITAL,"8268 164TH ST, JAMAICA, NY 11432",1023024882
806,KINGS COUNTY HOSPITAL-PROF FEE,"8270 164TH ST, JAMAICA, NY 11432",1043224355
807,NYULMC COBBLE HILL,"83 AMITY ST, BROOKLYN, NY 11201",1558809756
808,WMC CORNELL EMERGENCY PHYSICIANS,"83 GOLD ST, NEW YORK, NY 10038",1205882586
809,GREENPOINT URGENT CARE,"833 MANHATTAN AVE, BROOKLYN, NY 11222",1285975797
810,SUNY DOWNSTATE MED CENTER,"840 LEFFERTS AVE, BROOKLYN, NY 11203",1205868528
811,SUNY DOWNSTATE MED CENTER,"8407 7TH AVE, BROOKLYN, NY 11228",1205868528
812,AFC URGENT CARE,"843 HUTCHINSON RIV, BRONX, NY 10465",1770885808
813,AFC URGENT CARE,"843 HUTCHINSON RIVER PKWY, BRONX, NY 10465",1770885808
814,BAY RIDGE URGENT CARE,"8500 4TH AVE, BROOKLYN, NY 11209",1285975797
815,CITY HEALTH URGENT CARE,"8515 126TH ST, KEW GARDENS, NY 11415",1164962965
816,RAPID ACCESS CARE ACP,"8615 QUEENS BLVD, ELMHURST, NY 11373",1891732038
817,"CITY MEDICAL OF UPPER EAST SIDE, PLLC DBA CITYMD U","87 CHAMBERS ST City Medical of Cham, NEW YORK, NY 10007",1801277629
818,CITY MEDICAL OF UPPER EAST SIDE,"87 CHAMBERS ST, NEW YORK, NY 10007",1255742342
819,EMPIRE URGENT CARE,"871 E TREMONT AVE, BRONX, NY 10460",1225394620
820,"CITY MEDICAL OF UPPER EAST SIDE, PLLC DBA CITYMD U","8712 4TH AVE City Medical of Bay, BROOKLYN, NY 11209",1992126247
821,CITY MEDICAL OF UPPER EAST SIDE,"8712 4TH AVE, BROOKLYN, NY 11209",1255742342
822,CITY MEDICAL OF UPPER EAST SIDE,"874 FLATBUSH AVE, BROOKLYN, NY 11226",1033612437
823,BROOKLYN URGENT CARE,"890 BEDFORD AVE # 1, BROOKLYN, NY 11205",1063898096
824,PRECIOUS HEALTH,"890 BEDFORD AVE Suite 1, BROOKLYN, NY 11205",1063898096
825,JAMAICA HOSPITAL/ER DEPT,"8900 VAN WYCK EXPY ACC, RICHMOND HILL, NY 11418",1477505220
826,FLUSHING HOSP MED CTR/PROF FEES,"8900 VAN WYCK EXPY STE 2, RICHMOND HILL, NY 11418",1730213877
827,FLUSHING HOSPITAL MEDICAL CENTER,"8900 VAN WYCK EXPY STE ACC, RICHMOND HILL, NY 11418",1548217763
828,JAMAICA HOSPITAL/ER DEPT,"8900 VAN WYCK EXPY STE NICU, RICHMOND HILL, NY 11418",1477505220
829,JAMAICA HOSPITAL,"8900 VAN WYCK EXPY, RICHMOND HILL, NY 11418",1245370717
830,JAMAICA HOSPITAL/ER DEPT,"8900 VAN WYCK EXPY/ER, RICHMOND HILL, NY 11418",1477505220
831,FLUSHING HOSPITAL MEDICAL CENTER,"8906 135TH ST STE 2T, RICHMOND HILL, NY 11418",1548217763
832,FLUSHING HOSP MED CTR/PROF FEES,"8906 135TH ST STE 5S, RICHMOND HILL, NY 11418",1730213877
833,UNION SQUARE MEDICAL,"8909 165TH ST, JAMAICA, NY 11432",1457614265
834,SOUTH NASSAU WALK-IN MEDICAL CARE,"8989 UNION TPKE, RIDGEWOOD, NY 11385",1801127576
835,INSTANT MEDICAL CARE,"9016 SUTPHIN BLVD, JAMAICA, NY 11435",1548535271
836,STATCARE URG WALK IN PLLC,"9018 SUTPHIN BLVD, JAMAICA, NY 11435",1336426667
837,CITY MEDICAL OF UPPER EAST SIDE,"9119 QUEENS BLVD, ELMHURST, NY 11373",1033612437
838,JAMAICA HOSPITAL/ER DEPT,"9120 ATLANTIC AVE, OZONE PARK, NY 11416",1477505220
839,LONG ISLAND CONSULTATION CENTER,"9131 QUEENS BLVD STE 222, ELMHURST, NY 11373",1295878577
840,MODERN MD URGENT CARE,"916 FLATBUSH AVE, BROOKLYN, NY 11226",1932590601
841,MEDRITE MEDICAL CARE,"919 2ND AVE, NEW YORK, NY 10017",1386954055
842,MOUNT SINAI ELMHURST FCLTY PRAC G,"921 49TH ST FL 1, BROOKLYN, NY 11219",1255375986
843,FLUSHING HOSP MED CTR/PROF FEES,"9229 QUEENS BLVD, REGO PARK, NY 11374",1730213877
844,METRO URGICARE,"930 GRAND CONCOURSE STE B, BRONX, NY 10451",1841607298
845,ESSEN MEDICAL URGICARE PLLC DBA METRO URGICARE,"930 GRAND CONCOURSE Suite B, BRONX, NY 10451",1841607298
846,"ESSEN MEDICAL URGICARE, PLLC","930 GRAND CONCOURSE, BRONX, NY 10451",1841607298
847,JPR URGENT MEDICAL CARE,"932 E 174TH ST, BRONX, NY 10460",1114172848
848,S I URGENT CARE PC,"932 SOUTHERN BLVD, BRONX, NY 10459",1467826594
849,MOUNT SINAI ELMHURST FCLTY PRAC G,"9320A ROOSEVELT AVE FL 2, JACKSON HEIGHTS, NY 11372",1255375986
850,"ADVANCED MEDICAL CARE OF NEW YORK, P.C.","9413 FLATLANDS AVE Suite 206E, BROOKLYN, NY 11236",1487912903
851,"CITY MEDICAL OF UPPER EAST SIDE, PLLC DBA CITYMD U","944 2ND AVE City Medical of East, NEW YORK, NY 10022",1861858896
852,CITY MEDICAL OF UPPER EAST SIDE,"944 2ND AVE, NEW YORK, NY 10022",1255742342
853,AG URGENT CARE,"9525 CHURCH AVE, BROOKLYN, NY 11212",1992116701
854,LONG ISLAND JEWISH MEDICAL CENTER,"9525 QUEENS BLVD, REGO PARK, NY 11374",1164663365
855,SUNY DOWNSTATE MED CENTER,"97 AMITY ST FL 1, BROOKLYN, NY 11201",1205868528
856,NYU HOSPITALS CENTER - CANCER CENTER,"9777 QUEENS BLVD, REGO PARK, NY 11374",1437230034
857,SUNY DOWNSTATE MED CENTER,"9920 4TH AVE STE 205, BROOKLYN, NY 11209",1205868528
858,METRO URGENT MEDICAL CARE OF QUEENS,"JFK ARPT 14-140 TENANT #4 BLD, JAMAICA, NY 11430",1417349507
859,METRO URGENT MEDICAL CARE OF QUEENS,"JFK ARPT 14-140 TENANT 4 Bld125, JAMAICA, NY 11430",1417349507
860,MOUNT SINAI ELMHURST FCLTY PRAC G,"MADISON & 100 ST, NEW YORK, NY 10029",1255375986
861,STATEN ISLAND UNIVERSITY HOSPITAL - NSLIJ,"SOUTH DIVISION 375 SEQUINE AVE, STATEN ISLAND, NY 10305",1164618161
862,PM PEDIATRICS OF BAYSIDE PLLC,"UNITE E 5740 BROADWAY, BRONX, NY 10463",1861700353
